"TrackID","TermID","TermCount"
83,1,21.98295
169,1,48.36248
397,1,118.70791
529,1,74.74202
184,2,30.36669
18,3,26.00371
19,3,10.40148
123,3,31.20445
512,3,20.80297
581,3,20.80297
492,4,31.15250
471,5,6.48293
500,5,12.96587
518,5,12.96587
526,5,32.41467
569,5,19.44880
12,7,4.35015
35,7,17.40062
39,7,4.35015
48,7,52.20186
57,7,21.75077
64,7,4.35015
70,7,21.75077
81,7,13.05046
87,7,4.35015
192,7,39.15139
226,7,8.70031
231,7,47.85170
314,7,8.70031
332,7,73.95263
347,7,91.35325
427,7,13.05046
548,7,4.35015
554,7,439.36562
559,7,8.70031
15,9,14.87286
219,9,52.05503
592,9,7.43643
554,12,732.44539
46,13,34.78741
102,13,62.61734
105,13,41.74489
433,13,118.27719
526,13,34.78741
554,13,702.70568
217,14,18.76279
12,15,3.84947
30,15,7.69894
35,15,19.24735
39,15,7.69894
48,15,7.69894
49,15,7.69894
53,15,11.54841
58,15,15.39788
61,15,30.79576
64,15,7.69894
69,15,292.55971
70,15,34.64523
87,15,7.69894
90,15,15.39788
141,15,19.24735
147,15,11.54841
153,15,100.08622
226,15,23.09682
261,15,15.39788
266,15,7.69894
270,15,15.39788
277,15,30.79576
332,15,65.44099
427,15,3.84947
436,15,7.69894
453,15,138.58091
460,15,42.34417
466,15,11.54841
13,16,20.07415
35,16,20.07415
186,16,25.09268
222,16,10.03707
277,16,15.05561
343,16,30.11122
380,16,60.22244
395,16,15.05561
560,16,170.63024
519,17,760.77203
70,18,32.63350
100,18,19.58010
87,19,7.44959
169,20,74.88127
26,21,497.92729
107,21,24.64987
134,21,14.78992
156,21,29.57984
345,21,83.80954
472,21,9.85995
505,21,128.17930
599,21,19.71989
29,23,26.84661
90,23,21.47729
478,23,5.36932
532,23,10.73864
3,24,19.13833
4,24,4.78458
14,24,11.96145
25,24,11.96145
28,24,9.56916
40,24,7.17687
48,24,4.78458
53,24,7.17687
62,24,11.96145
65,24,2.39229
79,24,7.17687
83,24,11.96145
88,24,31.09978
90,24,35.88436
98,24,9.56916
99,24,19.13833
101,24,4.78458
114,24,23.92291
117,24,11.96145
122,24,11.96145
124,24,11.96145
127,24,11.96145
134,24,11.96145
136,24,31.09978
142,24,14.35374
144,24,11.96145
146,24,205.73700
147,24,11.96145
149,24,4.78458
158,24,7.17687
159,24,9.56916
180,24,4.78458
189,24,16.74603
205,24,64.59185
227,24,35.88436
228,24,2.39229
238,24,9.56916
239,24,55.02269
240,24,145.92973
250,24,14.35374
272,24,35.88436
288,24,50.23810
298,24,40.66894
301,24,16.74603
309,24,81.33788
314,24,7.17687
322,24,19.13833
329,24,40.66894
338,24,122.00682
343,24,14.35374
354,24,4.78458
369,24,16.74603
377,24,4.78458
385,24,50.23810
392,24,31.09978
406,24,28.70749
410,24,16.74603
414,24,241.62136
416,24,19.13833
430,24,11.96145
442,24,9.56916
456,24,14.35374
458,24,2.39229
469,24,33.49207
472,24,9.56916
474,24,14.35374
475,24,31.09978
490,24,14.35374
495,24,7.17687
500,24,14.35374
505,24,122.00682
515,24,9.56916
521,24,16.74603
523,24,43.06123
528,24,31.09978
533,24,40.66894
538,24,35.88436
541,24,28.70749
548,24,4.78458
556,24,14.35374
557,24,62.19956
562,24,52.63039
563,24,35.88436
567,24,21.53062
573,24,4.78458
582,24,11.96145
592,24,2.39229
594,24,9.56916
595,24,21.53062
600,24,122.00682
15,26,24.87531
88,26,161.68951
185,26,130.59538
249,26,87.06358
504,26,379.34847
591,26,317.16020
344,28,45.83134
90,29,20.40423
95,29,56.11163
184,29,51.01057
204,29,30.60634
256,29,35.70740
263,29,35.70740
300,29,66.31375
371,29,10.20211
381,29,10.20211
420,29,10.20211
482,29,35.70740
492,29,25.50529
535,29,45.90952
51,30,86.47450
52,30,11.79198
57,30,19.65330
59,30,78.61318
62,30,11.79198
102,30,66.82120
112,30,11.79198
121,30,11.79198
127,30,15.72264
136,30,55.02923
146,30,11.79198
158,30,7.86132
161,30,19.65330
169,30,43.23725
180,30,7.86132
207,30,27.51461
233,30,19.65330
241,30,7.86132
251,30,19.65330
254,30,7.86132
266,30,11.79198
307,30,19.65330
359,30,7.86132
381,30,7.86132
398,30,15.72264
408,30,15.72264
413,30,19.65330
457,30,15.72264
462,30,15.72264
482,30,27.51461
489,30,19.65330
497,30,27.51461
500,30,7.86132
522,30,15.72264
565,30,31.44527
593,30,82.54384
23,31,5.69379
159,31,22.77516
214,31,68.32548
246,31,34.16274
458,31,5.69379
3,32,5.63371
13,32,11.26743
27,32,47.88656
31,32,5.63371
35,32,11.26743
81,32,5.63371
97,32,11.26743
105,32,16.90114
111,32,11.26743
114,32,284.50252
115,32,8.45057
118,32,47.88656
134,32,14.08428
135,32,5.63371
147,32,284.50252
154,32,19.71800
156,32,8.45057
160,32,11.26743
179,32,19.71800
189,32,8.45057
191,32,5.63371
213,32,5.63371
219,32,5.63371
220,32,47.88656
224,32,25.35171
236,32,22.53485
255,32,14.08428
306,32,50.70342
314,32,5.63371
323,32,284.50252
331,32,284.50252
332,32,284.50252
334,32,47.88656
336,32,95.77313
339,32,95.77313
340,32,19.71800
343,32,16.90114
352,32,14.08428
365,32,81.68884
368,32,199.99682
384,32,28.16857
392,32,14.08428
395,32,16.90114
420,32,5.63371
422,32,61.97085
427,32,16.90114
437,32,284.50252
447,32,16.90114
459,32,14.08428
466,32,8.45057
467,32,11.26743
485,32,5.63371
494,32,284.50252
507,32,16.90114
548,32,5.63371
557,32,73.23827
566,32,22.53485
583,32,236.61596
586,32,11.26743
588,32,36.61914
600,32,284.50252
61,33,19.49449
185,33,136.46142
83,34,23.48324
189,34,28.17988
454,34,37.57318
563,34,18.78659
576,34,46.96647
554,35,788.14655
13,36,25.99265
45,38,4.37862
47,38,17.51446
61,38,13.13585
96,38,4.37862
97,38,17.51446
118,38,26.27169
145,38,13.13585
186,38,21.89308
268,38,8.75723
281,38,39.40754
306,38,8.75723
307,38,13.13585
493,38,126.97985
560,39,237.53187
37,40,16.01753
526,40,26.69588
537,40,5.33918
579,40,138.81859
4,41,11.62544
421,41,75.56533
35,42,16.07954
338,42,205.01414
427,42,8.03977
550,42,4.01989
566,42,32.15908
583,42,205.01414
588,42,36.17897
599,42,16.07954
600,42,406.00839
3,43,12.03087
4,43,3.00772
14,43,12.03087
15,43,6.01544
18,43,27.06947
33,43,78.20068
36,43,9.02316
40,43,3.00772
52,43,6.01544
54,43,12.03087
59,43,15.03859
62,43,12.03087
73,43,18.04631
78,43,9.02316
85,43,6.01544
88,43,39.10034
101,43,6.01544
112,43,9.02316
116,43,9.02316
123,43,63.16209
137,43,9.02316
138,43,18.04631
157,43,78.20068
160,43,42.10806
173,43,21.05403
182,43,12.03087
215,43,21.05403
222,43,15.03859
237,43,24.06175
240,43,12.03087
241,43,9.02316
249,43,42.10806
250,43,9.02316
251,43,15.03859
252,43,24.06175
256,43,12.03087
267,43,102.26243
276,43,78.20068
278,43,15.03859
289,43,39.10034
296,43,21.05403
299,43,72.18525
311,43,9.02316
319,43,18.04631
322,43,18.04631
342,43,6.01544
344,43,18.04631
346,43,51.13122
351,43,45.11578
361,43,9.02316
363,43,15.03859
364,43,12.03087
376,43,3.00772
377,43,6.01544
381,43,6.01544
393,43,303.77958
401,43,12.03087
402,43,51.13122
408,43,18.04631
417,43,36.09262
425,43,3.00772
426,43,39.10034
430,43,15.03859
455,43,15.03859
457,43,9.02316
458,43,12.03087
489,43,15.03859
492,43,15.03859
496,43,15.03859
499,43,6.01544
500,43,9.02316
511,43,63.16209
518,43,6.01544
528,43,12.03087
538,43,18.04631
539,43,6.01544
562,43,18.04631
563,43,12.03087
569,43,15.03859
571,43,78.20068
575,43,243.62521
582,43,15.03859
6,44,45.00204
86,44,16.87576
248,44,16.87576
440,44,146.25663
491,44,33.75153
46,45,28.22336
281,45,50.80206
18,46,26.83009
205,46,16.09806
246,46,32.19611
251,46,26.83009
275,46,10.73204
330,46,10.73204
41,47,79.06961
105,47,72.48048
181,47,13.17827
509,47,52.71308
526,47,32.94567
554,47,665.50259
46,49,28.50916
61,49,28.50916
77,49,11.40366
148,49,5.70183
409,49,34.21099
504,50,389.04406
554,50,604.51461
46,51,24.27761
47,51,53.41075
113,51,48.55523
236,51,38.84418
510,51,14.56657
526,51,24.27761
1,52,10.73564
3,52,81.11376
4,52,51.29253
6,52,9.54280
7,52,4.77140
9,52,7.15710
10,52,3.57855
11,52,5.96425
13,52,9.54280
14,52,13.12134
15,52,2.38570
18,52,16.69989
19,52,9.54280
20,52,35.78548
22,52,120.47779
25,52,120.47779
28,52,4.77140
29,52,5.96425
32,52,109.74215
33,52,60.83532
34,52,77.53521
36,52,14.31419
37,52,3.57855
40,52,16.69989
42,52,3.57855
43,52,15.50704
44,52,2.38570
45,52,5.96425
46,52,5.96425
48,52,2.38570
51,52,9.54280
52,52,8.34995
53,52,16.69989
55,52,1.19285
57,52,5.96425
62,52,8.34995
63,52,31.01409
65,52,7.15710
68,52,8.34995
71,52,4.77140
72,52,2.38570
73,52,114.51355
74,52,10.73564
75,52,22.66414
78,52,7.15710
79,52,76.34236
83,52,31.01409
85,52,4.77140
93,52,5.96425
94,52,7.15710
95,52,25.04984
98,52,21.47129
99,52,9.54280
100,52,3.57855
101,52,1.19285
102,52,20.27844
103,52,15.50704
104,52,3.57855
105,52,13.12134
106,52,2.38570
109,52,9.54280
110,52,9.54280
112,52,110.93500
116,52,7.15710
118,52,27.43554
119,52,9.54280
122,52,5.96425
123,52,25.04984
127,52,3.57855
128,52,27.43554
136,52,3.57855
137,52,21.47129
140,52,19.08559
143,52,34.59263
146,52,21.47129
147,52,3.57855
148,52,3.57855
150,52,3.57855
151,52,3.57855
157,52,31.01409
158,52,7.15710
162,52,11.92849
164,52,3.57855
167,52,62.02817
171,52,33.39978
173,52,8.34995
180,52,31.01409
181,52,4.77140
182,52,8.34995
188,52,13.12134
189,52,96.62080
190,52,3.57855
193,52,11.92849
200,52,34.59263
203,52,7.15710
204,52,7.15710
205,52,3.57855
207,52,8.34995
208,52,14.31419
210,52,3.57855
215,52,8.34995
216,52,79.92091
230,52,15.50704
235,52,25.04984
237,52,9.54280
239,52,14.31419
241,52,4.77140
243,52,19.08559
247,52,13.12134
249,52,16.69989
250,52,83.49946
251,52,11.92849
252,52,120.47779
253,52,16.69989
254,52,4.77140
255,52,5.96425
257,52,7.15710
258,52,4.77140
263,52,8.34995
266,52,9.54280
267,52,40.55688
268,52,9.54280
271,52,40.55688
272,52,34.59263
273,52,7.15710
275,52,10.73564
276,52,60.83532
278,52,5.96425
280,52,9.54280
281,52,31.01409
284,52,3.57855
287,52,7.15710
288,52,48.90683
289,52,75.14951
291,52,79.92091
296,52,45.32828
298,52,120.47779
299,52,9.54280
301,52,8.34995
302,52,5.96425
304,52,4.77140
310,52,34.59263
311,52,21.47129
315,52,19.08559
319,52,7.15710
320,52,20.27844
321,52,15.50704
322,52,70.37812
323,52,120.47779
327,52,15.50704
335,52,15.50704
342,52,7.15710
344,52,7.15710
349,52,25.04984
353,52,14.31419
354,52,120.47779
355,52,9.54280
357,52,4.77140
359,52,8.34995
362,52,40.55688
364,52,13.12134
371,52,4.77140
373,52,2.38570
376,52,4.77140
377,52,5.96425
381,52,4.77140
385,52,13.12134
390,52,3.57855
392,52,5.96425
396,52,4.77140
397,52,16.69989
400,52,20.27844
401,52,69.18527
404,52,120.47779
406,52,28.62839
407,52,10.73564
408,52,17.89274
409,52,7.15710
413,52,5.96425
415,52,2.38570
416,52,4.77140
417,52,53.67822
418,52,2.38570
420,52,7.15710
421,52,120.47779
423,52,8.34995
425,52,2.38570
426,52,45.32828
429,52,8.34995
430,52,96.62080
434,52,7.15710
436,52,4.77140
438,52,8.34995
441,52,3.57855
442,52,28.62839
445,52,5.96425
446,52,13.12134
451,52,14.31419
455,52,16.69989
457,52,14.31419
458,52,3.57855
462,52,38.17118
468,52,64.41387
469,52,13.12134
471,52,5.96425
477,52,72.76382
478,52,1.19285
480,52,8.34995
482,52,4.77140
483,52,70.37812
485,52,3.57855
486,52,3.57855
487,52,10.73564
490,52,13.12134
495,52,7.15710
496,52,11.92849
499,52,7.15710
500,52,7.15710
502,52,106.16360
506,52,2.38570
511,52,25.04984
513,52,25.04984
515,52,2.38570
516,52,40.55688
517,52,8.34995
520,52,40.55688
522,52,9.54280
528,52,8.34995
529,52,120.47779
533,52,10.73564
536,52,27.43554
537,52,4.77140
538,52,15.50704
539,52,5.96425
546,52,10.73564
550,52,3.57855
551,52,9.54280
552,52,2.38570
553,52,75.14951
554,52,120.47779
555,52,9.54280
556,52,3.57855
562,52,26.24269
563,52,21.47129
567,52,7.15710
569,52,14.31419
571,52,31.01409
576,52,11.92849
578,52,4.77140
579,52,31.01409
580,52,13.12134
581,52,3.57855
582,52,22.66414
585,52,8.34995
588,52,5.96425
589,52,9.54280
592,52,1.19285
593,52,120.47779
595,52,10.73564
596,52,20.27844
1,54,12.98579
3,54,8.65720
22,54,4.32860
44,54,4.32860
48,54,8.65720
55,54,8.65720
73,54,25.97159
77,54,12.98579
123,54,12.98579
124,54,12.98579
148,54,12.98579
178,54,4.32860
183,54,17.31439
204,54,129.85793
344,54,25.97159
346,54,73.58616
458,54,17.31439
463,54,43.28598
472,54,8.65720
521,54,17.31439
527,54,12.98579
25,57,28.35023
190,57,39.69033
216,57,96.39079
374,57,17.01014
350,59,215.33806
404,59,639.68070
493,59,183.67070
554,59,639.68070
560,59,215.33806
59,60,33.79880
42,61,6.02274
112,61,12.04548
496,61,42.15917
279,62,98.10906
498,62,312.72262
17,63,10.75026
84,63,21.50051
153,63,139.75333
201,63,43.00103
204,63,32.25077
242,63,43.00103
290,63,102.12744
572,63,10.75026
23,64,3.62326
28,64,14.49302
31,64,7.24651
47,64,14.49302
54,64,14.49302
71,64,14.49302
93,64,7.24651
129,64,7.24651
137,64,7.24651
191,64,7.24651
203,64,21.73953
207,64,25.36279
246,64,39.85581
252,64,14.49302
262,64,206.52555
348,64,14.49302
377,64,7.24651
386,64,3.62326
401,64,14.49302
436,64,7.24651
486,64,50.72557
501,64,18.11628
507,64,21.73953
509,64,28.98604
510,64,10.86977
518,64,7.24651
1,65,12.36130
3,65,6.18065
4,65,10.30108
12,65,2.06022
26,65,70.04736
29,65,10.30108
30,65,4.12043
31,65,28.84303
33,65,53.56563
39,65,2.06022
48,65,4.12043
53,65,4.12043
55,65,2.06022
56,65,18.54195
57,65,18.54195
64,65,8.24087
66,65,10.30108
71,65,65.92692
73,65,12.36130
75,65,14.42151
79,65,6.18065
83,65,10.30108
85,65,8.24087
87,65,6.18065
88,65,26.78281
98,65,8.24087
100,65,22.66238
101,65,6.18065
108,65,6.18065
114,65,18.54195
117,65,10.30108
124,65,6.18065
128,65,24.72260
135,65,4.12043
140,65,22.66238
143,65,10.30108
146,65,18.54195
147,65,14.42151
149,65,12.36130
155,65,24.72260
156,65,12.36130
159,65,8.24087
165,65,26.78281
169,65,43.26454
175,65,8.24087
184,65,14.42151
185,65,43.26454
195,65,14.42151
221,65,24.72260
223,65,20.60216
224,65,53.56563
225,65,14.42151
228,65,4.12043
240,65,8.24087
246,65,12.36130
256,65,20.60216
260,65,4.12043
274,65,72.10757
277,65,41.20433
290,65,39.14411
294,65,70.04736
304,65,16.48173
332,65,35.02368
345,65,35.02368
368,65,63.86671
377,65,4.12043
380,65,70.04736
383,65,35.02368
389,65,70.04736
397,65,14.42151
410,65,6.18065
412,65,78.28822
428,65,208.08185
436,65,4.12043
442,65,8.24087
447,65,12.36130
456,65,45.32476
458,65,14.42151
460,65,4.12043
461,65,24.72260
466,65,8.24087
469,65,208.08185
470,65,138.03450
472,65,32.96346
478,65,10.30108
490,65,12.36130
501,65,26.78281
515,65,12.36130
519,65,208.08185
520,65,70.04736
521,65,208.08185
528,65,8.24087
529,65,35.02368
532,65,18.54195
534,65,26.78281
541,65,6.18065
548,65,12.36130
556,65,6.18065
558,65,6.18065
559,65,4.12043
562,65,208.08185
567,65,74.16779
568,65,105.07104
569,65,6.18065
573,65,2.06022
576,65,20.60216
592,65,4.12043
597,65,35.02368
599,65,39.14411
4,67,2.79866
7,67,22.38930
30,67,2.79866
43,67,5.59732
49,67,19.59063
61,67,27.98662
67,67,2.79866
91,67,11.19465
109,67,22.38930
122,67,13.99331
136,67,11.19465
143,67,13.99331
146,67,8.39599
161,67,13.99331
172,67,44.77859
188,67,30.78528
203,67,16.79197
204,67,16.79197
266,67,5.59732
298,67,47.57726
304,67,11.19465
311,67,8.39599
374,67,8.39599
377,67,5.59732
383,67,47.57726
409,67,16.79197
418,67,5.59732
422,67,61.57057
425,67,5.59732
429,67,19.59063
445,67,13.99331
453,67,55.97324
469,67,11.19465
472,67,5.59732
482,67,11.19465
513,67,58.77190
516,67,95.15451
521,67,11.19465
563,67,22.38930
569,67,8.39599
578,67,5.59732
585,67,13.99331
92,69,33.40288
129,69,11.13429
247,69,22.26859
468,69,133.61153
582,69,55.67147
398,70,25.16401
564,70,6.29100
469,71,51.82993
4,72,6.73314
13,72,13.46627
14,72,10.09970
33,72,340.02337
75,72,13.46627
79,72,10.09970
95,72,37.03225
101,72,3.36657
114,72,16.83284
116,72,6.73314
131,72,3.36657
132,72,30.29911
136,72,13.46627
146,72,10.09970
154,72,13.46627
158,72,10.09970
159,72,13.46627
177,72,3.36657
179,72,20.19941
184,72,13.46627
194,72,70.69793
218,72,50.49852
226,72,13.46627
228,72,3.36657
240,72,13.46627
256,72,13.46627
272,72,50.49852
275,72,6.73314
281,72,30.29911
322,72,10.09970
344,72,20.19941
361,72,6.73314
381,72,13.46627
390,72,10.09970
405,72,171.69497
425,72,13.46627
431,72,37.03225
439,72,6.73314
456,72,63.96479
497,72,23.56598
500,72,20.19941
540,72,6.73314
550,72,20.19941
573,72,3.36657
203,73,40.24781
13,74,20.91925
110,74,20.91925
410,74,15.68943
554,75,728.14687
525,77,103.56137
504,78,462.62817
597,80,129.31998
38,83,4.65328
55,83,4.65328
99,83,37.22623
135,83,4.65328
184,83,18.61311
214,83,55.83934
227,83,69.79918
245,83,4.65328
249,83,65.14590
406,83,27.91967
452,83,51.18607
466,83,9.30656
519,83,469.98115
554,83,469.98115
593,83,97.71885
13,84,27.82993
88,84,180.89453
3,85,13.42267
14,85,8.05360
22,85,10.73814
29,85,13.42267
34,85,10.73814
44,85,5.36907
53,85,10.73814
67,85,2.68453
77,85,5.36907
89,85,8.05360
92,85,16.10720
101,85,5.36907
112,85,10.73814
127,85,18.79174
143,85,13.42267
146,85,40.26801
164,85,8.05360
171,85,26.84534
173,85,10.73814
182,85,10.73814
185,85,56.37521
189,85,37.58348
190,85,2.68453
199,85,5.36907
200,85,13.42267
205,85,77.85148
213,85,5.36907
216,85,45.63708
238,85,10.73814
240,85,37.58348
241,85,13.42267
247,85,18.79174
250,85,13.42267
252,85,56.37521
266,85,5.36907
282,85,10.73814
289,85,34.89894
299,85,64.42881
301,85,18.79174
308,85,56.37521
315,85,21.47627
317,85,56.37521
322,85,8.05360
325,85,13.42267
327,85,26.84534
342,85,5.36907
343,85,16.10720
344,85,16.10720
348,85,10.73814
354,85,26.84534
355,85,21.47627
357,85,10.73814
371,85,10.73814
377,85,5.36907
406,85,16.10720
408,85,8.05360
423,85,18.79174
432,85,18.79174
454,85,96.64322
457,85,8.05360
465,85,8.05360
468,85,126.17310
473,85,77.85148
474,85,18.79174
496,85,26.84534
497,85,18.79174
500,85,10.73814
502,85,16.10720
511,85,56.37521
522,85,10.73814
523,85,32.21441
528,85,10.73814
533,85,24.16081
534,85,8.05360
535,85,24.16081
536,85,45.63708
538,85,45.63708
556,85,24.16081
565,85,21.47627
567,85,8.05360
571,85,136.91123
572,85,5.36907
573,85,16.10720
576,85,40.26801
585,85,8.05360
586,85,18.79174
595,85,16.10720
596,85,69.79788
205,86,19.72568
290,86,46.02658
533,86,59.17703
468,87,54.71399
518,87,13.67850
102,88,64.03511
209,88,241.91041
532,88,14.23002
554,88,718.61623
2,89,88.36680
3,89,4.31058
5,89,8.62115
6,89,47.41633
10,89,10.77644
11,89,17.24230
13,89,8.62115
14,89,8.62115
15,89,8.62115
16,89,6.46586
17,89,4.31058
18,89,10.77644
20,89,21.55288
22,89,8.62115
24,89,12.93173
32,89,10.77644
36,89,122.85140
40,89,8.62115
42,89,12.93173
43,89,47.41633
44,89,8.62115
45,89,2.15529
49,89,4.31058
50,89,10.77644
52,89,4.31058
60,89,6.46586
62,89,36.63989
65,89,4.31058
68,89,15.08701
71,89,8.62115
74,89,6.46586
76,89,81.90094
78,89,10.77644
83,89,10.77644
90,89,25.86345
92,89,25.86345
95,89,23.70817
96,89,2.15529
100,89,28.01874
104,89,38.79518
106,89,47.41633
109,89,17.24230
110,89,17.24230
112,89,10.77644
114,89,4.31058
116,89,4.31058
122,89,10.77644
127,89,4.31058
129,89,6.46586
131,89,6.46586
137,89,15.08701
139,89,8.62115
140,89,12.93173
148,89,4.31058
149,89,4.31058
150,89,153.02543
158,89,28.01874
161,89,21.55288
162,89,19.39759
164,89,6.46586
167,89,47.41633
173,89,34.48460
177,89,4.31058
178,89,2.15529
180,89,21.55288
182,89,94.83266
183,89,15.08701
189,89,12.93173
194,89,217.68406
196,89,12.93173
199,89,6.46586
205,89,6.46586
210,89,38.79518
216,89,73.27978
217,89,8.62115
229,89,103.45381
230,89,19.39759
232,89,15.08701
233,89,19.39759
234,89,8.62115
235,89,131.47255
238,89,8.62115
241,89,10.77644
242,89,17.24230
244,89,45.26104
247,89,30.17403
250,89,2.15529
251,89,21.55288
254,89,6.46586
256,89,15.08701
262,89,17.24230
266,89,6.46586
273,89,4.31058
274,89,10.77644
276,89,56.03748
278,89,21.55288
281,89,56.03748
282,89,43.10576
285,89,19.39759
286,89,109.91968
287,89,25.86345
289,89,28.01874
291,89,144.40428
292,89,38.79518
299,89,17.24230
302,89,94.83266
305,89,12.93173
307,89,6.46586
310,89,62.50335
315,89,17.24230
319,89,12.93173
324,89,25.86345
325,89,21.55288
326,89,56.03748
329,89,36.63989
337,89,28.01874
342,89,4.31058
343,89,12.93173
344,89,34.48460
346,89,144.40428
348,89,56.03748
349,89,109.91968
350,89,73.27978
353,89,49.57162
355,89,17.24230
359,89,12.93173
364,89,8.62115
367,89,62.50335
371,89,8.62115
375,89,32.32932
376,89,8.62115
377,89,12.93173
381,89,21.55288
384,89,40.95047
387,89,196.13119
394,89,15.08701
396,89,15.08701
400,89,8.62115
403,89,217.68406
405,89,109.91968
406,89,12.93173
408,89,15.08701
413,89,10.77644
421,89,28.01874
438,89,10.77644
440,89,109.91968
443,89,12.93173
447,89,12.93173
448,89,73.27978
450,89,15.08701
453,89,6.46586
457,89,8.62115
461,89,144.40428
462,89,23.70817
465,89,12.93173
467,89,8.62115
468,89,34.48460
474,89,4.31058
482,89,8.62115
483,89,17.24230
485,89,2.15529
488,89,10.77644
489,89,10.77644
496,89,25.86345
499,89,17.24230
502,89,25.86345
503,89,56.03748
508,89,32.32932
513,89,45.26104
522,89,17.24230
529,89,36.63989
536,89,12.93173
537,89,4.31058
538,89,12.93173
539,89,8.62115
544,89,32.32932
555,89,92.67737
578,89,8.62115
579,89,109.91968
586,89,40.95047
589,89,56.03748
593,89,217.68406
598,89,168.11245
274,90,214.61356
504,90,349.51351
15,91,7.68775
18,91,19.21938
25,91,19.21938
28,91,26.90714
64,91,3.84388
91,91,26.90714
145,91,19.21938
180,91,7.68775
189,91,7.68775
200,91,19.21938
204,91,23.06326
205,91,11.53163
290,91,73.03366
319,91,23.06326
364,91,15.37551
423,91,26.90714
442,91,15.37551
477,91,42.28264
498,91,196.03771
509,91,57.65815
59,92,85.54478
241,92,11.40597
411,92,45.62388
509,92,85.54478
150,94,14.73447
312,94,496.06032
421,94,63.84935
428,94,24.55744
431,94,54.02637
517,94,34.38042
567,94,14.73447
214,95,94.34040
504,95,479.56371
4,97,5.51989
6,97,160.07693
182,97,22.07958
214,97,187.67641
298,97,93.83820
424,97,93.83820
452,97,60.71884
541,97,16.55968
14,99,32.26098
33,99,83.87854
40,99,3.22610
42,99,3.22610
43,99,19.35659
45,99,6.45220
55,99,6.45220
66,99,16.13049
75,99,6.45220
77,99,6.45220
79,99,9.67829
90,99,48.39147
101,99,9.67829
114,99,6.45220
116,99,38.71317
131,99,22.58268
139,99,6.45220
158,99,16.13049
174,99,6.45220
181,99,6.45220
182,99,12.90439
197,99,19.35659
204,99,19.35659
213,99,6.45220
215,99,22.58268
216,99,54.84366
217,99,6.45220
243,99,9.67829
245,99,6.45220
249,99,67.74805
278,99,61.29586
301,99,22.58268
345,99,54.84366
357,99,6.45220
359,99,19.35659
361,99,35.48707
363,99,16.13049
373,99,12.90439
381,99,16.13049
390,99,16.13049
425,99,16.13049
438,99,22.58268
447,99,19.35659
464,99,25.80878
465,99,9.67829
477,99,19.35659
497,99,22.58268
498,99,164.53098
499,99,6.45220
502,99,90.33074
506,99,22.58268
515,99,6.45220
533,99,29.03488
541,99,19.35659
558,99,9.67829
568,99,164.53098
573,99,22.58268
578,99,109.68732
592,99,9.67829
593,99,132.27001
257,100,35.15322
468,100,46.87096
256,101,26.62292
524,101,53.24583
3,102,5.80079
12,102,2.90040
37,102,8.70119
39,102,2.90040
45,102,2.90040
46,102,29.00395
49,102,5.80079
55,102,5.80079
58,102,5.80079
70,102,14.50198
72,102,11.60158
75,102,5.80079
79,102,8.70119
86,102,46.40632
91,102,11.60158
96,102,2.90040
108,102,8.70119
113,102,29.00395
134,102,14.50198
144,102,14.50198
153,102,75.41027
165,102,14.50198
168,102,11.60158
187,102,23.20316
191,102,17.40237
226,102,17.40237
236,102,23.20316
238,102,11.60158
243,102,34.80474
246,102,17.40237
261,102,20.30277
284,102,37.70514
291,102,194.32647
293,102,20.30277
301,102,60.90830
306,102,8.70119
309,102,98.61343
311,102,8.70119
314,102,5.80079
316,102,17.40237
318,102,75.41027
325,102,14.50198
341,102,11.60158
350,102,98.61343
352,102,8.70119
368,102,60.90830
386,102,11.60158
391,102,23.20316
395,102,17.40237
397,102,20.30277
416,102,11.60158
417,102,34.80474
427,102,5.80079
430,102,14.50198
431,102,17.40237
447,102,17.40237
448,102,26.10356
449,102,31.90435
453,102,58.00790
460,102,5.80079
498,102,147.92015
501,102,14.50198
507,102,17.40237
509,102,84.11146
510,102,8.70119
515,102,5.80079
524,102,43.50593
525,102,49.30672
526,102,14.50198
531,102,11.60158
540,102,26.10356
542,102,5.80079
548,102,2.90040
559,102,5.80079
564,102,11.60158
570,102,17.40237
586,102,72.50988
588,102,14.50198
589,102,5.80079
504,103,319.25582
12,105,2.57011
13,105,28.27116
14,105,20.56084
17,105,2.57011
30,105,7.71032
35,105,10.28042
38,105,2.57011
39,105,10.28042
43,105,15.42063
48,105,23.13095
53,105,12.85053
55,105,5.14021
66,105,15.42063
77,105,5.14021
79,105,7.71032
87,105,2.57011
99,105,20.56084
101,105,7.71032
108,105,7.71032
110,105,20.56084
115,105,17.99074
116,105,12.85053
130,105,5.14021
134,105,7.71032
135,105,17.99074
139,105,5.14021
144,105,23.13095
146,105,110.51453
149,105,7.71032
154,105,10.28042
156,105,28.27116
158,105,7.71032
168,105,5.14021
169,105,28.27116
173,105,10.28042
179,105,5.14021
214,105,59.11242
226,105,5.14021
244,105,5.14021
245,105,7.71032
246,105,15.42063
250,105,10.28042
260,105,10.28042
261,105,10.28042
268,105,5.14021
277,105,20.56084
284,105,7.71032
290,105,17.99074
301,105,17.99074
314,105,5.14021
318,105,66.82274
319,105,15.42063
328,105,41.12168
332,105,43.69179
338,105,131.07537
340,105,12.85053
352,105,10.28042
361,105,5.14021
418,105,5.14021
438,105,10.28042
443,105,28.27116
445,105,131.07537
449,105,28.27116
452,105,28.27116
464,105,10.28042
466,105,7.71032
479,105,7.71032
488,105,185.04758
497,105,17.99074
498,105,131.07537
503,105,66.82274
508,105,7.71032
512,105,12.85053
515,105,5.14021
523,105,77.10316
531,105,10.28042
533,105,23.13095
539,105,7.71032
540,105,10.28042
541,105,23.13095
542,105,7.71032
545,105,15.42063
548,105,5.14021
552,105,5.14021
558,105,7.71032
561,105,43.69179
566,105,20.56084
571,105,66.82274
572,105,10.28042
576,105,61.68253
581,105,33.41137
583,105,215.88884
588,105,23.13095
589,105,5.14021
592,105,10.28042
594,105,17.99074
48,106,9.85037
207,106,132.98005
230,106,14.77556
3,107,12.95044
7,107,12.95044
14,107,16.18805
26,107,19.42566
33,107,84.17786
98,107,25.90088
101,107,6.47522
117,107,6.47522
127,107,9.71283
175,107,12.95044
189,107,42.08893
195,107,22.66327
205,107,129.50440
240,107,12.95044
294,107,216.91987
296,107,22.66327
299,107,77.70264
342,107,12.95044
378,107,110.07874
383,107,55.03937
385,107,35.61371
392,107,29.13849
416,107,35.61371
421,107,84.17786
423,107,22.66327
442,107,12.95044
468,107,25.90088
488,107,16.18805
496,107,32.37610
498,107,165.11811
517,107,22.66327
520,107,216.91987
528,107,12.95044
533,107,55.03937
534,107,9.71283
538,107,6.47522
568,107,165.11811
595,107,9.71283
189,108,16.15297
379,108,543.81649
478,108,10.76864
504,108,306.90634
31,109,11.61003
228,109,5.80502
230,111,17.42273
416,111,23.23031
458,111,5.80758
255,112,35.69497
498,112,364.08870
174,113,11.35805
300,113,73.82733
344,113,34.07415
350,113,193.08686
444,113,289.63029
554,113,573.58156
30,114,8.64032
67,114,8.64032
102,114,38.88145
114,114,8.64032
135,114,4.32016
144,114,21.60081
159,114,17.28064
231,114,47.52177
255,114,21.60081
262,114,8.64032
277,114,8.64032
307,114,12.96048
311,114,12.96048
314,114,12.96048
457,114,8.64032
464,114,8.64032
481,114,8.64032
548,114,4.32016
581,114,12.96048
39,115,4.01347
65,115,4.01347
141,115,24.08082
144,115,20.06735
183,115,16.05388
197,115,24.08082
311,115,12.04041
317,115,84.28285
415,115,8.02694
436,115,20.06735
479,115,12.04041
147,116,17.28737
9,117,32.14581
11,117,8.76704
45,117,5.84469
47,117,11.68938
67,117,8.76704
93,117,5.84469
102,117,49.67988
119,117,8.76704
121,117,8.76704
124,117,8.76704
129,117,5.84469
139,117,5.84469
145,117,20.45642
162,117,37.99050
174,117,5.84469
180,117,5.84469
199,117,8.76704
219,117,5.84469
243,117,14.61173
246,117,32.14581
251,117,14.61173
255,117,14.61173
268,117,11.68938
273,117,2.92235
278,117,14.61173
285,117,14.61173
301,117,20.45642
305,117,17.53408
306,117,5.84469
313,117,55.52457
344,117,17.53408
366,117,11.68938
391,117,11.68938
394,117,20.45642
397,117,20.45642
400,117,14.61173
402,117,49.67988
409,117,17.53408
415,117,8.76704
440,117,75.98100
455,117,14.61173
468,117,23.37877
476,117,20.45642
483,117,11.68938
489,117,14.61173
491,117,99.35976
498,117,149.03965
508,117,8.76704
509,117,23.37877
512,117,5.84469
517,117,20.45642
524,117,43.83519
526,117,14.61173
527,117,8.76704
537,117,5.84469
556,117,8.76704
564,117,17.53408
580,117,29.22346
581,117,23.37877
584,117,35.06815
588,117,14.61173
595,117,8.76704
169,118,61.49666
245,118,11.18121
453,118,173.30878
509,118,44.72485
531,118,39.13424
552,118,11.18121
594,118,22.36242
504,119,412.75203
92,121,31.31447
171,121,52.19078
250,121,5.21908
15,122,11.85457
99,122,94.83655
143,122,29.63642
373,122,11.85457
406,122,35.56371
526,123,34.43570
254,124,15.56948
428,125,38.56640
21,126,15.69640
23,126,3.13928
81,126,18.83568
85,126,6.27856
100,126,288.81379
121,126,9.41784
161,126,15.69640
163,126,21.97496
170,126,34.53208
197,126,18.83568
200,126,15.69640
203,126,18.83568
212,126,37.67136
216,126,53.36777
295,126,34.53208
303,126,31.39280
316,126,18.83568
320,126,12.55712
327,126,12.55712
343,126,18.83568
356,126,31.39280
372,126,15.69640
406,126,18.83568
433,126,53.36777
442,126,12.55712
445,126,15.69640
491,126,18.83568
492,126,15.69640
493,126,47.08921
527,126,9.41784
539,126,9.41784
562,126,18.83568
564,126,3.13928
577,126,317.06732
581,126,9.41784
584,126,37.67136
554,127,719.09604
61,130,33.04469
588,130,33.04469
3,131,2.18937
9,131,8.75750
17,131,8.75750
23,131,4.37875
37,131,21.89374
45,131,4.37875
46,131,10.94687
47,131,24.08311
50,131,10.94687
52,131,4.37875
59,131,10.94687
61,131,6.56812
64,131,2.18937
67,131,4.37875
68,131,15.32562
72,131,4.37875
86,131,35.02998
90,131,17.51499
93,131,26.27249
96,131,4.37875
102,131,19.70437
106,131,8.75750
108,131,6.56812
113,131,21.89374
118,131,13.13624
125,131,35.02998
126,131,6.56812
129,131,8.75750
130,131,10.94687
148,131,4.37875
153,131,56.92372
174,131,13.13624
176,131,15.32562
180,131,4.37875
191,131,6.56812
196,131,13.13624
197,131,13.13624
198,131,63.49184
211,131,35.02998
217,131,21.89374
220,131,37.21936
222,131,4.37875
233,131,10.94687
243,131,6.56812
246,131,13.13624
248,131,10.94687
254,131,6.56812
257,131,26.27249
262,131,4.37875
268,131,15.32562
269,131,50.35560
271,131,74.43871
276,131,56.92372
277,131,8.75750
281,131,74.43871
286,131,111.65807
305,131,24.08311
306,131,2.18937
317,131,45.97685
328,131,52.54497
336,131,221.12676
341,131,91.95370
347,131,45.97685
355,131,17.51499
356,131,21.89374
364,131,17.51499
366,131,35.02998
375,131,17.51499
386,131,10.94687
389,131,37.21936
391,131,8.75750
396,131,61.30247
397,131,15.32562
405,131,221.12676
407,131,10.94687
411,131,17.51499
415,131,17.51499
419,131,17.51499
434,131,8.75750
436,131,15.32562
439,131,8.75750
443,131,13.13624
446,131,24.08311
452,131,24.08311
470,131,74.43871
471,131,4.37875
481,131,8.75750
485,131,4.37875
487,131,19.70437
491,131,26.27249
509,131,17.51499
510,131,6.56812
511,131,45.97685
512,131,4.37875
516,131,74.43871
524,131,63.49184
526,131,19.70437
527,131,28.46186
537,131,4.37875
540,131,8.75750
547,131,45.97685
551,131,17.51499
552,131,4.37875
554,131,221.12676
561,131,111.65807
564,131,6.56812
566,131,17.51499
570,131,13.13624
573,131,4.37875
581,131,15.32562
590,131,13.13624
594,131,8.75750
61,132,18.56505
37,133,13.38051
46,133,22.30085
177,133,4.46017
226,133,8.92034
235,133,49.06186
248,133,8.92034
291,133,298.83135
450,133,31.22119
507,133,26.76102
542,133,13.38051
583,133,75.82288
588,133,22.30085
16,134,10.62607
19,134,10.62607
142,134,31.87822
204,134,63.75644
261,134,21.25215
534,134,26.56518
102,135,41.04954
123,135,13.68318
238,135,18.24424
250,135,4.56106
253,135,31.92742
492,135,22.80530
553,135,22.80530
154,136,65.61508
314,136,13.12302
444,137,359.58926
71,138,20.13518
263,138,35.23656
406,138,30.20277
529,138,85.57451
72,139,9.86742
274,139,24.66856
386,139,9.86742
580,139,19.73485
581,139,14.80113
586,139,34.53598
46,140,35.84276
76,140,93.19119
102,140,64.51698
105,140,43.01132
433,140,121.86540
554,140,724.02385
146,141,15.12812
189,141,10.08541
250,141,10.08541
352,141,10.08541
426,141,65.55517
496,141,35.29894
508,141,15.12812
511,141,105.89681
552,141,10.08541
585,141,35.29894
94,142,38.07420
114,144,18.14552
600,144,127.01861
397,145,43.47784
23,146,21.47945
43,146,10.73972
86,146,78.75798
92,146,100.23743
96,146,7.15982
126,146,10.73972
129,146,7.15982
130,146,32.21917
139,146,21.47945
165,146,46.53881
168,146,7.15982
177,146,7.15982
217,146,10.73972
230,146,17.89954
243,146,17.89954
244,146,10.73972
248,146,32.21917
262,146,10.73972
274,146,32.21917
278,146,17.89954
320,146,14.31963
328,146,57.27853
347,146,75.17807
381,146,10.73972
386,146,10.73972
447,146,21.47945
474,146,7.15982
510,146,10.73972
512,146,28.63927
537,146,3.57991
540,146,32.21917
570,146,25.05936
2,147,46.08041
3,147,2.19431
9,147,26.33166
11,147,10.97153
17,147,6.58292
18,147,19.74875
19,147,4.38861
24,147,13.16583
28,147,8.77722
37,147,6.58292
38,147,2.19431
42,147,2.19431
45,147,13.16583
47,147,24.13736
49,147,4.38861
50,147,10.97153
60,147,4.38861
71,147,122.88108
72,147,4.38861
77,147,4.38861
78,147,6.58292
82,147,6.58292
85,147,4.38861
86,147,24.13736
91,147,24.13736
93,147,17.55444
96,147,6.58292
106,147,4.38861
109,147,17.55444
110,147,8.77722
115,147,6.58292
120,147,48.27471
124,147,6.58292
126,147,8.77722
134,147,6.58292
138,147,6.58292
148,147,4.38861
153,147,57.05193
154,147,21.94305
156,147,6.58292
166,147,26.33166
168,147,4.38861
169,147,24.13736
174,147,21.94305
177,147,6.58292
178,147,2.19431
180,147,10.97153
186,147,21.94305
187,147,17.55444
190,147,6.58292
197,147,39.49749
198,147,17.55444
201,147,17.55444
202,147,19.74875
217,147,8.77722
230,147,21.94305
232,147,8.77722
236,147,17.55444
246,147,24.13736
247,147,8.77722
250,147,8.77722
251,147,21.94305
254,147,4.38861
256,147,8.77722
262,147,6.58292
266,147,6.58292
268,147,28.52597
271,147,221.62481
273,147,4.38861
281,147,221.62481
284,147,6.58292
285,147,10.97153
301,147,30.72027
305,147,35.10888
307,147,21.94305
309,147,74.60637
311,147,6.58292
313,147,81.18929
314,147,4.38861
316,147,13.16583
325,147,10.97153
355,147,17.55444
361,147,4.38861
364,147,8.77722
366,147,28.52597
375,147,17.55444
386,147,2.19431
395,147,6.58292
396,147,15.36014
398,147,8.77722
400,147,10.97153
404,147,221.62481
407,147,48.27471
408,147,8.77722
409,147,13.16583
411,147,8.77722
415,147,17.55444
417,147,26.33166
422,147,32.91458
423,147,15.36014
432,147,15.36014
455,147,10.97153
457,147,13.16583
462,147,24.13736
464,147,6.58292
468,147,17.55444
474,147,13.16583
476,147,57.05193
481,147,13.16583
483,147,37.30319
485,147,2.19431
491,147,13.16583
493,147,32.91458
500,147,6.58292
507,147,13.16583
508,147,6.58292
509,147,17.55444
511,147,133.85261
514,147,8.77722
522,147,8.77722
524,147,221.62481
526,147,10.97153
537,147,21.94305
543,147,13.16583
551,147,35.10888
552,147,4.38861
553,147,10.97153
561,147,37.30319
563,147,8.77722
564,147,19.74875
576,147,21.94305
579,147,57.05193
580,147,10.97153
581,147,74.60637
586,147,21.94305
587,147,24.13736
590,147,13.16583
32,148,22.65463
265,148,154.05146
332,148,77.02573
368,148,27.18555
378,148,154.05146
494,148,457.62344
519,148,457.62344
4,149,7.05563
14,149,42.33377
33,149,91.72316
53,149,28.22251
54,149,14.11126
56,149,45.86158
79,149,10.58344
136,149,38.80595
194,149,74.08409
223,149,35.27814
245,149,7.05563
249,149,49.38939
275,149,21.16688
301,149,24.69470
312,149,179.91851
329,149,59.97284
345,149,119.94567
357,149,7.05563
373,149,7.05563
413,149,17.63907
416,149,14.11126
469,149,14.11126
495,149,21.16688
496,149,35.27814
532,149,95.25097
563,149,14.11126
567,149,14.11126
573,149,7.05563
539,151,21.64379
44,152,8.90176
66,152,8.90176
74,152,26.70529
77,152,8.90176
104,152,13.35265
146,152,13.35265
148,152,4.45088
162,152,13.35265
238,152,17.80353
243,152,31.15618
271,152,151.33000
301,152,31.15618
325,152,22.25441
410,152,13.35265
450,152,31.15618
475,152,57.86147
498,152,226.99501
502,152,53.41059
508,152,13.35265
522,152,17.80353
541,152,8.90176
556,152,13.35265
564,152,8.90176
583,152,75.66500
587,152,48.95971
588,152,22.25441
595,152,13.35265
66,153,19.80972
185,153,138.66802
233,153,33.01620
266,153,13.20648
64,154,40.84294
427,154,4.53810
437,154,304.05297
442,154,18.15242
562,154,49.91914
568,154,231.44330
106,155,8.60643
125,155,68.85143
156,155,12.90964
196,155,51.63857
236,155,34.42571
328,155,133.39964
459,155,21.51607
470,155,146.30928
518,155,12.90964
564,155,4.30321
589,155,8.60643
13,156,18.35941
66,156,9.17970
89,156,9.17970
93,156,9.17970
136,156,13.76956
243,156,13.76956
434,156,9.17970
445,156,22.94926
462,156,18.35941
481,156,9.17970
70,157,30.68575
133,157,49.09720
306,157,6.13715
368,157,36.82290
4,158,4.02980
34,158,24.17882
48,158,8.05961
53,158,20.14902
65,158,4.02980
83,158,20.14902
146,158,92.68547
157,158,104.77488
176,158,28.20862
230,158,12.08941
272,158,60.44705
296,158,52.38744
312,158,205.51996
327,158,28.20862
329,158,68.50665
410,158,12.08941
469,158,44.32783
471,158,4.02980
502,158,48.35764
504,158,229.69878
521,158,16.11921
523,158,24.17882
535,158,68.50665
536,158,92.68547
541,158,4.02980
553,158,20.14902
563,158,16.11921
567,158,12.08941
595,158,48.35764
169,159,79.13258
13,160,16.25407
44,160,8.12704
185,160,85.33388
207,160,28.44463
277,160,8.12704
324,160,8.12704
364,160,16.25407
376,160,4.06352
409,160,44.69870
410,160,12.19055
417,160,48.76222
441,160,12.19055
481,160,12.19055
501,160,20.31759
564,160,4.06352
565,160,32.50814
573,160,12.19055
581,160,12.19055
582,160,20.31759
355,163,49.37283
526,163,30.85802
535,163,55.54444
89,164,20.00590
149,164,8.00236
193,164,28.00827
291,164,268.07912
340,164,12.00354
351,164,60.01771
391,164,16.00472
413,164,20.00590
419,164,60.01771
436,164,8.00236
498,164,204.06023
509,164,32.00945
512,164,8.00236
526,164,20.00590
534,164,12.00354
541,164,8.00236
550,164,4.00118
593,164,84.02480
118,165,25.72098
154,165,17.14732
159,165,8.57366
238,165,17.14732
549,165,90.02342
565,165,34.29464
4,166,3.88015
14,166,19.40076
39,166,3.88015
46,166,19.40076
53,166,15.52060
55,166,3.88015
66,166,19.40076
69,166,100.88393
70,166,19.40076
71,166,15.52060
80,166,11.64045
109,166,31.04121
118,166,23.28091
132,166,34.92136
135,166,7.76030
207,166,27.16106
228,166,3.88015
246,166,42.68166
255,166,19.40076
277,166,7.76030
388,166,197.88770
406,166,23.28091
472,166,7.76030
498,166,197.88770
502,166,23.28091
505,166,50.44196
568,166,197.88770
569,166,11.64045
570,166,7.76030
594,166,15.52060
1,167,10.50346
28,167,24.50807
29,167,35.01153
53,167,7.00231
73,167,21.00692
79,167,17.50576
85,167,7.00231
91,167,24.50807
100,167,10.50346
109,167,28.00922
146,167,42.01383
147,167,10.50346
171,167,35.01153
188,167,38.51268
223,167,35.01153
227,167,52.51729
268,167,3.50115
382,167,7.00231
398,167,14.00461
421,167,45.51498
431,167,38.51268
432,167,45.51498
433,167,59.51959
467,167,14.00461
478,167,10.50346
489,167,17.50576
492,167,35.01153
501,167,17.50576
518,167,7.00231
521,167,14.00461
534,167,10.50346
548,167,3.50115
569,167,10.50346
233,168,27.48540
235,168,60.46788
468,168,43.97664
477,168,76.95911
504,168,313.33354
532,168,10.99416
573,168,10.99416
77,169,26.90903
85,169,16.14542
157,169,139.92696
204,169,32.29084
344,169,32.29084
408,169,10.76361
482,169,21.52722
496,169,53.81806
575,169,113.01793
576,169,53.81806
591,169,274.47211
59,170,29.19414
82,170,17.51649
176,170,40.87180
222,170,11.67766
274,170,52.54946
395,170,35.03297
470,170,198.52018
485,170,5.83883
5,174,12.70170
152,174,12.70170
187,174,33.87119
190,174,4.23390
249,174,29.63729
301,174,29.63729
309,174,143.95255
363,174,21.16949
431,174,25.40339
554,174,427.62375
558,174,12.70170
564,174,4.23390
569,174,21.16949
574,174,342.94578
191,175,6.30777
508,175,18.92332
5,176,8.40347
8,176,8.40347
20,176,12.60520
33,176,109.24510
79,176,12.60520
102,176,37.81561
105,176,25.21041
193,176,21.00867
220,176,214.28847
305,176,25.21041
343,176,25.21041
377,176,12.60520
406,176,25.21041
421,176,54.62255
429,176,29.41214
442,176,16.80694
514,176,16.80694
553,176,21.00867
57,177,22.83673
85,177,9.13469
90,177,18.26938
124,177,13.70204
237,177,36.53877
287,177,27.40407
482,177,18.26938
522,177,18.26938
576,177,22.83673
585,177,22.83673
37,178,10.77643
54,178,28.73714
65,178,3.59214
92,178,21.55286
93,178,7.18429
110,178,14.36857
121,178,10.77643
138,178,10.77643
165,178,17.96071
190,178,3.59214
221,178,21.55286
258,178,25.14500
273,178,7.18429
291,178,240.67355
292,178,64.65857
374,178,10.77643
378,178,122.13285
399,178,10.77643
400,178,7.18429
413,178,17.96071
421,178,46.69785
423,178,25.14500
474,178,3.59214
476,178,46.69785
477,178,10.77643
507,178,21.55286
573,178,3.59214
576,178,35.92143
82,180,18.63336
88,180,161.48913
214,180,74.53344
407,180,31.05560
445,180,31.05560
591,180,316.76713
526,181,29.95719
184,182,29.11794
33,183,104.17344
34,183,8.01334
36,183,24.04002
73,183,24.04002
88,183,204.34021
90,183,16.02668
98,183,16.02668
110,183,16.02668
116,183,12.02001
142,183,24.04002
204,183,24.04002
238,183,16.02668
246,183,44.07338
348,183,16.02668
354,183,8.01334
359,183,8.01334
431,183,24.04002
455,183,20.03335
496,183,20.03335
502,183,24.04002
528,183,16.02668
532,183,8.01334
546,183,8.01334
576,183,40.06671
589,183,8.01334
29,184,26.78087
66,184,16.06852
112,184,10.71235
169,184,58.91792
249,184,74.98644
496,184,37.49322
18,185,18.70925
23,185,3.74185
38,185,3.74185
47,185,14.96740
48,185,7.48370
49,185,7.48370
50,185,7.48370
70,185,18.70925
78,185,7.48370
80,185,11.22555
81,185,11.22555
91,185,26.19295
107,185,7.48370
113,185,71.09515
135,185,3.74185
144,185,52.38590
145,185,11.22555
154,185,14.96740
245,185,7.48370
284,185,11.22555
293,185,14.96740
314,185,7.48370
497,185,26.19295
560,185,127.22291
576,185,37.41850
580,185,11.22555
581,185,11.22555
590,185,22.45110
592,185,7.48370
54,186,18.36245
168,186,9.18122
189,186,13.77183
273,186,22.95306
348,186,50.49673
374,186,13.77183
442,186,18.36245
526,186,22.95306
533,186,41.31550
585,186,13.77183
415,187,12.23546
53,188,9.20260
261,188,32.20909
324,188,9.20260
397,188,32.20909
445,188,41.41169
528,188,18.40519
545,188,27.60779
585,188,13.80390
112,190,10.56297
340,190,36.97038
416,190,21.12593
497,190,36.97038
535,190,47.53335
563,190,21.12593
14,191,31.43673
58,191,4.49096
78,191,13.47289
101,191,8.98192
102,191,40.41866
109,191,35.92770
116,191,13.47289
127,191,17.96385
160,191,31.43673
263,191,31.43673
357,191,17.96385
381,191,17.96385
438,191,17.96385
497,191,31.43673
502,191,53.89154
506,191,17.96385
522,191,17.96385
550,191,13.47289
576,191,107.78309
21,192,17.28737
101,192,5.76246
151,192,17.28737
392,192,28.81228
414,192,582.00805
176,193,45.22362
186,194,37.31462
386,194,14.92585
568,194,380.60912
114,195,11.02256
521,195,22.04511
79,197,30.10824
173,197,15.05412
230,197,15.05412
416,197,15.05412
520,197,127.96000
562,197,60.21647
563,197,15.05412
4,198,16.75779
5,198,6.28417
6,198,211.56710
12,198,2.09472
13,198,150.82011
14,198,56.55754
15,198,4.18945
19,198,6.28417
26,198,12.56834
29,198,10.47362
33,198,106.83091
36,198,12.56834
40,198,16.75779
41,198,25.13669
43,198,37.70503
44,198,10.47362
45,198,4.18945
51,198,18.85251
53,198,25.13669
54,198,8.37890
55,198,6.28417
57,198,18.85251
62,198,33.51558
66,198,20.94724
72,198,6.28417
73,198,12.56834
75,198,23.04196
78,198,12.56834
80,198,18.85251
85,198,4.18945
88,198,54.46282
89,198,4.18945
90,198,54.46282
91,198,23.04196
92,198,25.13669
95,198,23.04196
98,198,8.37890
99,198,33.51558
101,198,8.37890
102,198,35.61030
103,198,27.23141
104,198,10.47362
105,198,12.56834
110,198,39.79975
112,198,4.18945
114,198,6.28417
116,198,27.23141
117,198,4.18945
119,198,6.28417
122,198,10.47362
123,198,12.56834
124,198,14.66307
127,198,8.37890
131,198,27.23141
136,198,127.77815
137,198,14.66307
146,198,6.28417
151,198,6.28417
154,198,8.37890
158,198,12.56834
169,198,23.04196
175,198,8.37890
177,198,2.09472
179,198,12.56834
182,198,8.37890
184,198,27.23141
185,198,43.98920
194,198,43.98920
195,198,14.66307
202,198,18.85251
205,198,12.56834
213,198,4.18945
214,198,48.17865
218,198,31.42086
225,198,14.66307
227,198,31.42086
228,198,16.75779
233,198,10.47362
238,198,8.37890
240,198,211.56710
241,198,16.75779
249,198,140.34649
252,198,20.94724
253,198,14.66307
254,198,6.28417
256,198,8.37890
257,198,25.13669
263,198,92.16785
266,198,10.47362
272,198,31.42086
275,198,29.32613
278,198,10.47362
289,198,54.46282
291,198,140.34649
294,198,71.22061
304,198,48.17865
307,198,20.94724
319,198,12.56834
322,198,23.04196
340,198,10.47362
342,198,27.23141
343,198,12.56834
344,198,12.56834
348,198,16.75779
353,198,25.13669
354,198,27.23141
357,198,27.23141
359,198,4.18945
373,198,8.37890
376,198,2.09472
377,198,12.56834
380,198,35.61030
381,198,27.23141
382,198,4.18945
383,198,35.61030
390,198,14.66307
392,198,27.23141
393,198,211.56710
395,198,18.85251
406,198,12.56834
408,198,27.23141
409,198,23.04196
410,198,27.23141
412,198,27.23141
420,198,10.47362
425,198,25.13669
426,198,27.23141
430,198,10.47362
438,198,23.04196
441,198,10.47362
445,198,10.47362
456,198,18.85251
457,198,23.04196
462,198,23.04196
465,198,25.13669
468,198,16.75779
469,198,29.32613
472,198,4.18945
474,198,6.28417
475,198,27.23141
476,198,14.66307
477,198,33.51558
478,198,35.61030
482,198,8.37890
486,198,25.13669
490,198,12.56834
492,198,10.47362
493,198,31.42086
495,198,41.89448
496,198,69.12588
497,198,14.66307
499,198,8.37890
500,198,16.75779
502,198,12.56834
503,198,106.83091
506,198,4.18945
518,198,4.18945
521,198,8.37890
522,198,25.13669
523,198,37.70503
528,198,20.94724
530,198,33.51558
532,198,37.70503
533,198,35.61030
534,198,10.47362
535,198,18.85251
536,198,48.17865
538,198,8.37890
539,198,14.66307
541,198,16.75779
545,198,12.56834
546,198,8.37890
548,198,6.28417
550,198,14.66307
553,198,10.47362
555,198,31.42086
556,198,25.13669
567,198,4.18945
569,198,10.47362
571,198,54.46282
572,198,4.18945
575,198,43.98920
578,198,14.66307
582,198,10.47362
585,198,10.47362
589,198,4.18945
595,198,6.28417
596,198,35.61030
597,198,35.61030
3,199,30.83240
4,199,17.12911
8,199,3.42582
9,199,6.85165
10,199,15.41620
13,199,13.70329
14,199,53.10025
15,199,47.96152
17,199,1.71291
18,199,97.63595
19,199,13.70329
20,199,11.99038
22,199,15.41620
26,199,10.27747
27,199,29.11949
33,199,44.53570
36,199,22.26785
40,199,25.69367
42,199,11.99038
43,199,10.27747
44,199,10.27747
45,199,18.84202
51,199,42.82278
52,199,5.13873
53,199,78.79392
54,199,27.40658
55,199,3.42582
57,199,15.41620
60,199,3.42582
62,199,29.11949
63,199,44.53570
68,199,22.26785
73,199,87.35848
74,199,10.27747
75,199,6.85165
76,199,130.18126
78,199,18.84202
80,199,5.13873
82,199,5.13873
83,199,8.56456
85,199,18.84202
94,199,11.99038
95,199,70.22937
100,199,22.26785
102,199,157.58784
103,199,27.40658
104,199,20.55494
105,199,18.84202
110,199,6.85165
112,199,80.50683
116,199,29.11949
119,199,10.27747
121,199,5.13873
122,199,8.56456
123,199,78.79392
127,199,29.11949
131,199,3.42582
132,199,15.41620
136,199,56.52607
137,199,41.10987
138,199,5.13873
142,199,10.27747
143,199,8.56456
148,199,10.27747
152,199,5.13873
158,199,23.98076
162,199,11.99038
163,199,6.85165
164,199,5.13873
165,199,8.56456
167,199,6.85165
168,199,3.42582
171,199,17.12911
180,199,10.27747
181,199,39.39696
182,199,6.85165
183,199,6.85165
185,199,35.97114
189,199,29.11949
193,199,17.12911
195,199,11.99038
199,199,5.13873
200,199,8.56456
202,199,15.41620
205,199,10.27747
208,199,20.55494
210,199,5.13873
212,199,20.55494
214,199,20.55494
216,199,29.11949
217,199,5.13873
225,199,11.99038
229,199,10.27747
230,199,20.55494
233,199,8.56456
235,199,18.84202
238,199,6.85165
241,199,15.41620
243,199,8.56456
247,199,54.81316
249,199,11.99038
250,199,10.27747
251,199,41.10987
253,199,23.98076
254,199,20.55494
263,199,54.81316
264,199,44.53570
266,199,17.12911
267,199,58.23899
268,199,8.56456
273,199,3.42582
275,199,23.98076
276,199,44.53570
278,199,39.39696
280,199,13.70329
282,199,6.85165
287,199,29.11949
288,199,70.22937
289,199,22.26785
291,199,114.76506
292,199,30.83240
296,199,11.99038
305,199,10.27747
319,199,10.27747
320,199,3.42582
323,199,173.00405
324,199,3.42582
329,199,29.11949
335,199,22.26785
337,199,22.26785
342,199,3.42582
343,199,10.27747
344,199,10.27747
345,199,29.11949
350,199,58.23899
351,199,25.69367
353,199,20.55494
354,199,54.81316
355,199,27.40658
357,199,6.85165
359,199,5.13873
364,199,44.53570
371,199,10.27747
376,199,3.42582
377,199,10.27747
381,199,30.83240
383,199,173.00405
387,199,17.12911
388,199,87.35848
389,199,29.11949
390,199,8.56456
400,199,34.25823
401,199,6.85165
402,199,29.11949
403,199,173.00405
408,199,101.06177
409,199,35.97114
412,199,44.53570
415,199,3.42582
417,199,20.55494
418,199,5.13873
420,199,39.39696
421,199,44.53570
423,199,11.99038
428,199,8.56456
429,199,11.99038
432,199,11.99038
438,199,59.95190
442,199,6.85165
445,199,8.56456
447,199,10.27747
448,199,15.41620
457,199,125.04253
462,199,23.98076
465,199,10.27747
468,199,13.70329
473,199,25.69367
474,199,10.27747
476,199,32.54532
477,199,10.27747
478,199,3.42582
482,199,23.98076
483,199,8.56456
484,199,58.23899
485,199,1.71291
489,199,8.56456
490,199,10.27747
491,199,20.55494
492,199,8.56456
495,199,71.94228
496,199,113.05215
499,199,6.85165
500,199,8.56456
508,199,13.70329
513,199,35.97114
522,199,27.40658
528,199,6.85165
530,199,18.84202
532,199,18.84202
535,199,87.35848
536,199,29.11949
537,199,1.71291
538,199,34.25823
539,199,22.26785
541,199,5.13873
549,199,70.22937
550,199,10.27747
553,199,15.41620
555,199,61.66481
556,199,25.69367
558,199,5.13873
562,199,10.27747
563,199,6.85165
564,199,5.13873
567,199,5.13873
572,199,17.12911
575,199,70.22937
577,199,173.00405
578,199,20.55494
579,199,87.35848
580,199,22.26785
582,199,8.56456
585,199,11.99038
591,199,87.35848
595,199,5.13873
596,199,71.94228
598,199,133.60709
498,200,350.29087
574,200,418.97535
70,202,31.85523
483,202,12.74209
131,203,14.49303
6,204,53.58839
345,204,113.87534
4,207,11.49248
13,207,57.46242
14,207,11.49248
51,207,22.98497
53,207,15.32331
55,207,3.83083
61,207,11.49248
79,207,11.49248
94,207,7.66166
96,207,3.83083
117,207,11.49248
133,207,30.64662
138,207,11.49248
149,207,7.66166
151,207,19.15414
169,207,42.13911
202,207,34.47745
210,207,11.49248
258,207,26.81580
296,207,26.81580
357,207,7.66166
472,207,19.15414
568,207,195.37223
30,208,5.40126
49,208,37.80880
61,208,54.01257
67,208,5.40126
172,208,86.42011
263,208,37.80880
425,208,10.80251
100,209,18.66229
154,209,24.88305
144,210,23.19018
181,210,9.27607
193,210,23.19018
200,210,23.19018
340,210,23.19018
353,210,55.65643
364,210,18.55214
391,210,18.55214
507,210,27.82821
531,210,18.55214
593,210,97.39875
340,211,15.70675
458,211,20.94233
534,211,15.70675
548,211,5.23558
385,212,61.65675
66,213,13.73690
388,213,350.29087
564,214,6.77651
556,215,36.26174
13,216,54.07808
391,217,29.27750
57,219,28.37824
66,219,11.35130
105,219,34.05389
134,219,17.02695
214,219,68.10779
329,219,192.97206
428,219,28.37824
490,219,62.43214
521,219,22.70260
12,220,3.02154
14,220,9.06461
20,220,9.06461
24,220,12.08615
26,220,18.12922
38,220,3.02154
40,220,6.04307
42,220,9.06461
44,220,12.08615
45,220,15.10768
47,220,42.30152
51,220,33.23691
52,220,15.10768
57,220,15.10768
58,220,6.04307
62,220,6.04307
64,220,3.02154
69,220,154.09838
77,220,6.04307
85,220,6.04307
86,220,42.30152
89,220,12.08615
90,220,12.08615
92,220,18.12922
95,220,33.23691
96,220,3.02154
113,220,30.21537
116,220,9.06461
119,220,6.04307
121,220,9.06461
124,220,9.06461
127,220,21.15076
129,220,9.06461
130,220,27.19383
135,220,3.02154
142,220,18.12922
148,220,9.06461
149,220,6.04307
150,220,9.06461
151,220,9.06461
161,220,15.10768
162,220,9.06461
166,220,36.25844
191,220,3.02154
208,220,69.49535
219,220,6.04307
235,220,33.23691
241,220,15.10768
242,220,24.17229
244,220,3.02154
251,220,15.10768
253,220,21.15076
262,220,18.12922
278,220,15.10768
282,220,12.08615
290,220,21.15076
340,220,9.06461
342,220,12.08615
348,220,12.08615
355,220,24.17229
361,220,6.04307
377,220,6.04307
382,220,6.04307
434,220,12.08615
457,220,9.06461
495,220,18.12922
497,220,21.15076
499,220,9.06461
502,220,36.25844
507,220,18.12922
533,220,51.36613
534,220,9.06461
548,220,3.02154
550,220,15.10768
562,220,18.12922
573,220,6.04307
585,220,9.06461
596,220,27.19383
95,221,54.39512
243,221,24.72506
283,221,29.67007
23,223,5.20565
86,223,15.61694
162,223,26.02823
243,223,26.02823
268,223,46.85081
281,223,46.85081
404,223,525.77017
483,223,20.82258
526,223,26.02823
586,223,52.05645
298,224,91.70562
449,224,32.36669
535,225,62.36582
30,226,18.39013
53,226,18.39013
463,226,61.30045
7,227,8.57619
8,227,4.28810
11,227,10.72024
12,227,4.28810
17,227,2.14405
18,227,10.72024
23,227,12.86429
28,227,8.57619
32,227,10.72024
37,227,6.43214
38,227,2.14405
45,227,6.43214
46,227,21.44048
47,227,8.57619
50,227,27.87262
57,227,10.72024
58,227,4.28810
60,227,4.28810
65,227,6.43214
67,227,2.14405
69,227,55.74524
71,227,8.57619
72,227,10.72024
74,227,6.43214
82,227,6.43214
84,227,4.28810
91,227,8.57619
92,227,12.86429
93,227,6.43214
94,227,2.14405
96,227,8.57619
106,227,2.14405
113,227,21.44048
120,227,17.15238
121,227,6.43214
126,227,8.57619
127,227,6.43214
129,227,4.28810
130,227,25.72857
133,227,17.15238
145,227,10.72024
158,227,8.57619
161,227,10.72024
162,227,4.28810
165,227,10.72024
167,227,4.28810
174,227,4.28810
180,227,6.43214
181,227,4.28810
183,227,8.57619
186,227,10.72024
187,227,17.15238
191,227,15.00833
192,227,19.29643
198,227,17.15238
213,227,8.57619
217,227,8.57619
219,227,21.44048
236,227,34.30476
242,227,17.15238
244,227,2.14405
248,227,45.02500
251,227,10.72024
262,227,12.86429
268,227,6.43214
279,227,12.86429
291,227,143.65119
300,227,27.87262
301,227,15.00833
303,227,21.44048
320,227,4.28810
333,227,4.28810
341,227,8.57619
364,227,8.57619
366,227,19.29643
367,227,17.15238
373,227,4.28810
376,227,2.14405
384,227,40.73690
386,227,21.44048
395,227,6.43214
397,227,15.00833
398,227,15.00833
411,227,17.15238
415,227,4.28810
436,227,17.15238
449,227,23.58452
452,227,23.58452
453,227,6.43214
467,227,8.57619
471,227,4.28810
474,227,2.14405
483,227,12.86429
485,227,6.43214
490,227,12.86429
493,227,32.16071
501,227,10.72024
507,227,12.86429
509,227,47.16905
510,227,6.43214
512,227,4.28810
516,227,72.89762
518,227,4.28810
524,227,17.15238
531,227,8.57619
536,227,12.86429
537,227,6.43214
540,227,25.72857
542,227,4.28810
544,227,32.16071
546,227,4.28810
547,227,45.02500
552,227,6.43214
554,227,216.54881
558,227,12.86429
570,227,4.28810
571,227,55.74524
572,227,4.28810
573,227,4.28810
580,227,4.28810
581,227,10.72024
582,227,10.72024
95,228,50.48003
111,228,18.35638
121,228,13.76728
161,228,22.94547
191,228,9.17819
207,228,32.12366
255,228,22.94547
291,228,307.46930
350,228,156.02919
370,228,119.31644
381,228,9.17819
421,228,59.65822
436,228,9.17819
504,228,279.93473
523,228,55.06913
554,228,463.49849
560,228,307.46930
567,228,9.17819
256,229,28.73467
345,230,233.90714
424,230,116.95357
10,232,8.13963
54,232,158.72270
56,232,36.62832
74,232,36.62832
94,232,12.20944
99,232,32.55850
112,232,8.13963
119,232,8.13963
123,232,44.76794
128,232,48.83775
150,232,12.20944
168,232,8.13963
173,232,28.48869
182,232,16.27925
202,232,36.62832
240,232,16.27925
247,232,28.48869
251,232,20.34906
252,232,16.27925
256,232,16.27925
257,232,97.67551
299,232,32.55850
342,232,24.41888
369,232,28.48869
387,232,77.32645
408,232,8.13963
438,232,16.27925
468,232,32.55850
496,232,48.83775
502,232,24.41888
522,232,65.11701
533,232,138.37364
534,232,36.62832
538,232,24.41888
571,232,105.81514
575,232,85.46607
576,232,20.34906
10,233,6.29308
103,233,44.05159
150,233,18.87925
393,233,635.60150
504,233,358.70580
591,233,320.94729
596,233,56.63776
305,234,81.51687
319,235,40.86527
504,235,415.46359
103,236,52.33506
118,236,89.71725
289,237,157.77516
541,237,12.13655
175,238,30.92269
257,238,46.38403
21,239,14.02604
105,239,51.42882
197,239,28.05208
311,239,14.02604
350,239,158.96181
355,239,37.40278
368,239,28.05208
386,239,9.35069
396,239,18.70139
526,239,23.37674
553,239,23.37674
23,240,19.87860
43,240,9.93930
66,240,6.62620
83,240,16.56550
86,240,72.88821
92,240,92.76681
96,240,6.62620
126,240,9.93930
129,240,6.62620
130,240,29.81790
139,240,19.87860
165,240,43.07030
168,240,6.62620
177,240,6.62620
217,240,9.93930
230,240,16.56550
243,240,16.56550
244,240,9.93930
248,240,29.81790
262,240,9.93930
272,240,49.69650
274,240,29.81790
278,240,16.56550
305,240,19.87860
328,240,53.00960
347,240,69.57511
377,240,6.62620
381,240,9.93930
386,240,9.93930
394,240,23.19170
398,240,13.25240
447,240,19.87860
474,240,6.62620
476,240,23.19170
502,240,39.75720
510,240,9.93930
512,240,26.50480
537,240,3.31310
540,240,29.81790
543,240,19.87860
570,240,23.19170
572,240,33.13100
581,240,9.93930
583,240,56.32270
588,240,16.56550
66,241,15.35292
184,241,35.82348
247,241,20.47056
397,241,35.82348
504,241,332.64657
585,241,15.35292
62,242,11.35805
80,242,34.07415
103,242,39.75318
131,242,11.35805
150,242,17.03708
175,242,22.71610
20,243,12.74425
25,243,21.24042
31,243,8.49617
71,243,29.73658
75,243,8.49617
77,243,8.49617
81,243,8.49617
127,243,8.49617
162,243,38.23275
325,243,21.24042
364,243,16.99233
455,243,42.48083
468,243,33.98467
483,243,12.74425
508,243,12.74425
512,243,8.49617
563,243,16.99233
564,243,12.74425
583,243,72.21741
586,243,29.73658
1,244,7.24243
7,244,9.65658
12,244,4.82829
14,244,9.65658
38,244,9.65658
39,244,2.41414
40,244,7.24243
42,244,14.48486
48,244,4.82829
49,244,4.82829
50,244,7.24243
51,244,9.65658
55,244,7.24243
59,244,12.07072
64,244,4.82829
67,244,2.41414
70,244,12.07072
72,244,7.24243
77,244,2.41414
84,244,9.65658
86,244,12.07072
89,244,7.24243
91,244,9.65658
96,244,2.41414
99,244,57.93946
101,244,48.28288
102,244,142.43450
105,244,14.48486
108,244,14.48486
110,244,9.65658
111,244,31.38387
114,244,4.82829
115,244,243.82856
116,244,12.07072
121,244,7.24243
122,244,57.93946
126,244,7.24243
135,244,2.41414
139,244,91.73748
141,244,4.82829
149,244,4.82829
154,244,55.52531
155,244,14.48486
158,244,4.82829
168,244,9.65658
174,244,4.82829
189,244,4.82829
191,244,2.41414
193,244,50.69703
197,244,243.82856
208,244,55.52531
211,244,26.55559
224,244,161.74766
238,244,9.65658
241,244,4.82829
244,244,4.82829
245,244,4.82829
259,244,31.38387
260,244,9.65658
261,244,9.65658
266,244,9.65658
269,244,14.48486
270,244,9.65658
290,244,31.38387
291,244,161.74766
300,244,31.38387
305,244,14.48486
306,244,4.82829
311,244,7.24243
318,244,62.76775
330,244,21.72730
332,244,21.72730
334,244,41.04045
340,244,7.24243
349,244,98.97991
352,244,7.24243
353,244,28.96973
357,244,19.31315
361,244,243.82856
383,244,41.04045
386,244,4.82829
392,244,21.72730
396,244,9.65658
402,244,82.08090
411,244,19.31315
422,244,36.21216
427,244,60.35360
439,244,14.48486
446,244,26.55559
448,244,21.72730
453,244,41.04045
459,244,12.07072
466,244,12.07072
472,244,4.82829
485,244,2.41414
497,244,45.86874
502,244,67.59604
506,244,7.24243
511,244,50.69703
512,244,4.82829
531,244,9.65658
533,244,21.72730
534,244,7.24243
540,244,7.24243
542,244,243.82856
547,244,50.69703
550,244,12.07072
556,244,7.24243
559,244,7.24243
565,244,19.31315
566,244,19.31315
582,244,12.07072
583,244,243.82856
588,244,31.38387
590,244,101.39405
592,244,4.82829
593,244,50.69703
594,244,9.65658
599,244,9.65658
247,245,27.05235
256,245,27.05235
39,247,6.04362
518,247,12.08725
27,248,112.64589
540,248,19.87869
54,250,13.71973
71,250,13.71973
80,250,10.28979
87,250,3.42993
127,250,6.85986
146,250,10.28979
156,250,10.28979
167,250,10.28979
202,250,30.86938
246,250,37.72925
257,250,20.57959
287,250,20.57959
301,250,24.00952
331,250,174.92650
431,250,20.57959
436,250,13.71973
468,250,54.87890
477,250,20.57959
492,250,17.14966
502,250,41.15918
515,250,6.85986
523,250,41.15918
531,250,13.71973
533,250,30.86938
536,250,41.15918
542,250,6.85986
548,250,13.71973
18,251,17.35295
33,251,350.52958
62,251,17.35295
73,251,20.82354
80,251,10.41177
85,251,6.94118
123,251,27.76472
177,251,3.47059
182,251,13.88236
190,251,3.47059
235,251,38.17649
250,251,6.94118
253,251,24.29413
264,251,90.23534
278,251,17.35295
282,251,13.88236
287,251,41.64708
298,251,59.00003
310,251,350.52958
313,251,34.70590
342,251,6.94118
348,251,13.88236
353,251,41.64708
362,251,118.00006
408,251,6.94118
420,251,6.94118
423,251,24.29413
426,251,45.11767
429,251,24.29413
434,251,13.88236
451,251,41.64708
462,251,13.88236
482,251,24.29413
489,251,17.35295
495,251,41.64708
502,251,20.82354
513,251,72.88239
528,251,13.88236
539,251,6.94118
576,251,52.05885
594,251,13.88236
7,252,15.38343
17,252,7.69172
47,252,26.92100
52,252,7.69172
91,252,15.38343
93,252,46.15029
100,252,11.53757
176,252,53.84201
268,252,11.53757
274,252,19.22929
281,252,34.61272
326,252,99.99230
341,252,38.45858
347,252,80.76301
379,252,388.43164
428,252,38.45858
492,252,57.68787
508,252,30.76686
553,252,19.22929
581,252,19.22929
39,253,21.57101
50,253,10.78551
559,253,10.78551
350,254,251.74536
309,255,256.84332
270,256,51.80325
540,256,6.47541
560,256,220.16380
584,256,77.70487
572,257,14.16475
57,258,24.00090
73,258,28.80108
105,258,28.80108
238,258,33.60126
241,258,19.20072
249,258,100.80378
256,258,19.20072
275,258,28.80108
350,258,163.20612
383,258,81.60306
409,258,28.80108
496,258,81.60306
500,258,14.40054
536,258,28.80108
565,258,38.40144
43,259,18.42753
361,259,12.28502
1,261,5.80648
3,261,15.48395
4,261,1.93549
5,261,3.87099
6,261,15.48395
10,261,5.80648
14,261,13.54846
15,261,9.67747
20,261,5.80648
22,261,5.80648
29,261,19.35494
33,261,50.32285
34,261,7.74198
36,261,11.61297
40,261,7.74198
41,261,23.22593
43,261,11.61297
44,261,3.87099
45,261,3.87099
51,261,7.74198
52,261,5.80648
53,261,7.74198
54,261,30.96791
55,261,1.93549
62,261,3.87099
73,261,21.29044
74,261,11.61297
77,261,1.93549
79,261,5.80648
80,261,11.61297
82,261,5.80648
83,261,17.41945
84,261,3.87099
89,261,5.80648
94,261,11.61297
95,261,79.35527
96,261,3.87099
98,261,34.83890
100,261,9.67747
103,261,19.35494
105,261,40.64538
110,261,7.74198
112,261,17.41945
114,261,3.87099
116,261,15.48395
119,261,9.67747
122,261,9.67747
123,261,25.16143
124,261,5.80648
127,261,3.87099
132,261,17.41945
136,261,13.54846
137,261,9.67747
138,261,11.61297
140,261,21.29044
142,261,11.61297
150,261,9.67747
155,261,11.61297
158,261,5.80648
160,261,7.74198
162,261,23.22593
167,261,19.35494
168,261,11.61297
170,261,40.64538
171,261,19.35494
173,261,30.96791
182,261,13.54846
189,261,17.41945
193,261,13.54846
200,261,56.12934
201,261,30.96791
207,261,13.54846
210,261,5.80648
215,261,13.54846
222,261,5.80648
231,261,11.61297
237,261,15.48395
238,261,13.54846
239,261,23.22593
240,261,13.54846
241,261,9.67747
243,261,34.83890
247,261,21.29044
249,261,27.09692
250,261,17.41945
251,261,19.35494
252,261,15.48395
254,261,5.80648
257,261,23.22593
263,261,36.77439
266,261,3.87099
268,261,3.87099
273,261,9.67747
278,261,27.09692
287,261,11.61297
289,261,25.16143
292,261,34.83890
295,261,21.29044
304,261,7.74198
311,261,11.61297
319,261,11.61297
321,261,25.16143
324,261,3.87099
327,261,19.35494
330,261,3.87099
342,261,11.61297
348,261,15.48395
351,261,29.03242
353,261,44.51637
354,261,11.61297
356,261,19.35494
359,261,9.67747
362,261,129.67812
364,261,7.74198
371,261,7.74198
376,261,3.87099
377,261,61.93582
380,261,11.61297
381,261,9.67747
385,261,21.29044
387,261,19.35494
399,261,11.61297
401,261,7.74198
406,261,11.61297
408,261,11.61297
409,261,11.61297
412,261,50.32285
416,261,7.74198
417,261,23.22593
419,261,15.48395
421,261,73.54879
423,261,27.09692
425,261,1.93549
438,261,21.29044
445,261,9.67747
455,261,19.35494
457,261,11.61297
462,261,13.54846
467,261,7.74198
471,261,3.87099
474,261,5.80648
476,261,13.54846
477,261,11.61297
478,261,7.74198
483,261,11.61297
484,261,65.80681
488,261,9.67747
489,261,79.35527
490,261,11.61297
491,261,11.61297
492,261,9.67747
495,261,17.41945
496,261,127.74263
498,261,98.71021
499,261,5.80648
500,261,5.80648
511,261,40.64538
513,261,40.64538
522,261,46.45186
528,261,19.35494
530,261,21.29044
532,261,25.16143
534,261,9.67747
536,261,11.61297
537,261,9.67747
538,261,7.74198
539,261,5.80648
541,261,11.61297
542,261,5.80648
543,261,21.29044
550,261,7.74198
552,261,3.87099
553,261,40.64538
555,261,42.58088
562,261,143.22658
563,261,15.48395
565,261,15.48395
573,261,3.87099
576,261,19.35494
578,261,5.80648
585,261,9.67747
589,261,3.87099
595,261,5.80648
596,261,17.41945
5,263,9.54313
60,263,9.54313
178,263,4.77157
193,263,14.31470
206,263,205.17739
215,263,33.40097
498,263,243.34993
70,264,33.21912
77,264,6.64382
397,264,46.50677
51,265,28.01215
410,265,21.00912
46,266,38.23294
82,266,22.93977
4,267,2.62430
10,267,7.87290
11,267,13.12151
14,267,13.12151
19,267,7.87290
32,267,13.12151
36,267,41.98882
40,267,7.87290
42,267,18.37011
43,267,18.37011
44,267,5.24860
52,267,5.24860
54,267,31.49161
56,267,44.61312
62,267,5.24860
66,267,13.12151
85,267,13.12151
89,267,5.24860
92,267,73.48043
101,267,10.49720
104,267,5.24860
108,267,7.87290
110,267,31.49161
116,267,55.11032
119,267,7.87290
123,267,15.74581
127,267,13.12151
131,267,13.12151
136,267,7.87290
137,267,28.86731
142,267,47.23742
148,267,13.12151
151,267,7.87290
158,267,26.24301
167,267,13.12151
172,267,10.49720
173,267,10.49720
177,267,5.24860
178,267,2.62430
179,267,5.24860
180,267,7.87290
181,267,10.49720
182,267,70.85613
185,267,107.59635
189,267,7.87290
199,267,13.12151
208,267,175.82818
210,267,7.87290
213,267,10.49720
219,267,7.87290
233,267,34.11592
234,267,10.49720
238,267,10.49720
241,267,7.87290
245,267,13.12151
247,267,10.49720
254,267,13.12151
255,267,13.12151
262,267,34.11592
278,267,265.05442
282,267,20.99441
284,267,7.87290
291,267,175.82818
292,267,31.49161
304,267,31.49161
315,267,62.98323
333,267,5.24860
335,267,34.11592
340,267,13.12151
342,267,5.24860
344,267,28.86731
346,267,44.61312
349,267,28.86731
353,267,118.09355
358,267,265.05442
359,267,26.24301
361,267,5.24860
369,267,89.22624
373,267,5.24860
376,267,5.24860
377,267,110.22065
381,267,31.49161
388,267,133.83936
390,267,18.37011
400,267,5.24860
408,267,5.24860
409,267,15.74581
418,267,5.24860
438,267,10.49720
441,267,7.87290
445,267,13.12151
455,267,13.12151
465,267,7.87290
474,267,10.49720
480,267,10.49720
496,267,13.12151
506,267,28.86731
523,267,31.49161
526,267,13.12151
527,267,7.87290
534,267,7.87290
535,267,68.23183
549,267,55.11032
550,267,10.49720
551,267,20.99441
553,267,68.23183
562,267,15.74581
565,267,20.99441
578,267,13.12151
174,268,11.72585
209,268,199.33950
350,268,199.33950
554,268,592.15557
394,269,54.49317
134,270,16.55392
206,270,82.76960
525,270,93.80554
1,271,6.72259
4,271,11.20432
5,271,4.48173
6,271,17.92692
10,271,4.48173
13,271,114.28409
14,271,89.63458
26,271,13.44519
33,271,114.28409
40,271,6.72259
41,271,51.53988
42,271,6.72259
43,271,24.64951
44,271,4.48173
51,271,40.33556
52,271,2.24086
53,271,35.85383
55,271,4.48173
57,271,11.20432
58,271,2.24086
62,271,29.13124
63,271,58.26248
66,271,11.20432
69,271,170.30571
71,271,8.96346
73,271,80.67112
75,271,15.68605
76,271,58.26248
79,271,6.72259
80,271,60.50334
83,271,11.20432
84,271,8.96346
85,271,4.48173
87,271,2.24086
89,271,6.72259
90,271,8.96346
92,271,13.44519
95,271,24.64951
99,271,17.92692
101,271,8.96346
102,271,76.18940
103,271,8.96346
104,271,26.89037
109,271,17.92692
110,271,17.92692
113,271,22.40865
116,271,13.44519
117,271,4.48173
127,271,15.68605
131,271,35.85383
136,271,114.28409
137,271,15.68605
138,271,13.44519
142,271,13.44519
148,271,2.24086
149,271,6.72259
151,271,11.20432
154,271,8.96346
155,271,13.44519
158,271,15.68605
177,271,4.48173
179,271,4.48173
181,271,22.40865
183,271,8.96346
184,271,22.40865
189,271,6.72259
195,271,15.68605
204,271,13.44519
213,271,17.92692
214,271,26.89037
216,271,38.09470
222,271,4.48173
223,271,22.40865
225,271,15.68605
228,271,2.24086
229,271,24.64951
231,271,13.44519
233,271,11.20432
235,271,24.64951
238,271,8.96346
240,271,47.05816
241,271,17.92692
249,271,76.18940
252,271,4.48173
254,271,33.61297
256,271,29.13124
260,271,4.48173
261,271,22.40865
263,271,42.57643
266,271,11.20432
275,271,69.46680
278,271,11.20432
284,271,6.72259
291,271,150.13793
310,271,96.35718
324,271,4.48173
330,271,17.92692
342,271,8.96346
343,271,13.44519
344,271,35.85383
345,271,38.09470
348,271,8.96346
353,271,51.53988
354,271,47.05816
357,271,64.98507
358,271,226.32732
359,271,20.16778
361,271,4.48173
380,271,13.44519
381,271,132.21101
390,271,22.40865
406,271,13.44519
408,271,24.64951
410,271,6.72259
418,271,4.48173
423,271,15.68605
425,271,33.61297
426,271,58.26248
430,271,11.20432
438,271,29.13124
441,271,11.20432
445,271,11.20432
455,271,11.20432
456,271,13.44519
457,271,24.64951
462,271,40.33556
465,271,13.44519
471,271,4.48173
477,271,13.44519
478,271,13.44519
480,271,8.96346
482,271,62.74421
486,271,13.44519
487,271,20.16778
495,271,69.46680
496,271,15.68605
497,271,15.68605
498,271,114.28409
499,271,20.16778
500,271,20.16778
502,271,13.44519
506,271,33.61297
508,271,11.20432
513,271,91.87545
515,271,8.96346
520,271,76.18940
522,271,8.96346
528,271,22.40865
533,271,38.09470
534,271,6.72259
536,271,13.44519
539,271,13.44519
545,271,24.64951
546,271,33.61297
549,271,47.05816
550,271,8.96346
555,271,33.61297
558,271,24.64951
565,271,17.92692
573,271,4.48173
575,271,181.51003
576,271,22.40865
578,271,11.20432
582,271,11.20432
585,271,11.20432
596,271,150.13793
82,272,15.99355
84,272,21.32473
201,272,85.29893
204,272,31.98710
242,272,42.64946
280,272,42.64946
290,272,101.29248
339,272,181.26022
585,272,15.99355
82,273,17.42658
84,273,23.23544
201,273,46.47087
204,273,34.85316
242,273,46.47087
290,273,75.51517
162,274,23.29917
423,274,54.36473
297,275,158.75203
412,275,85.99068
427,275,6.61467
594,275,26.45867
156,276,16.02959
211,276,32.05919
492,276,26.71599
499,276,10.68640
567,276,26.71599
188,277,68.60028
256,277,24.94556
555,277,49.89111
151,279,19.78426
194,279,138.48980
4,280,3.72302
6,280,29.78416
34,280,7.44604
36,280,33.50718
53,280,22.33812
137,280,48.39926
146,280,11.16906
158,280,11.16906
165,280,18.61510
167,280,26.06114
172,280,14.89208
183,280,37.23020
189,280,11.16906
204,280,22.33812
207,280,52.12228
210,280,26.06114
231,280,22.33812
233,280,33.50718
272,280,55.84530
278,280,18.61510
298,280,63.29134
300,280,48.39926
304,280,14.89208
322,280,11.16906
329,280,126.58267
335,280,48.39926
354,280,14.89208
359,280,22.33812
371,280,14.89208
401,280,14.89208
416,280,14.89208
420,280,11.16906
429,280,26.06114
430,280,18.61510
435,280,37.23020
436,280,37.23020
467,280,14.89208
468,280,29.78416
502,280,22.33812
518,280,7.44604
534,280,26.06114
540,280,7.44604
553,280,18.61510
20,281,11.87494
41,281,47.49977
42,281,3.95831
43,281,51.45809
47,281,15.83326
52,281,3.95831
62,281,11.87494
75,281,7.91663
89,281,7.91663
90,281,15.83326
92,281,47.49977
98,281,15.83326
102,281,35.62483
104,281,55.41640
136,281,35.62483
137,281,7.91663
142,281,23.74989
148,281,3.95831
152,281,11.87494
158,281,23.74989
174,281,7.91663
181,281,7.91663
182,281,15.83326
197,281,23.74989
199,281,15.83326
204,281,23.74989
214,281,47.49977
215,281,27.70820
217,281,7.91663
238,281,15.83326
241,281,11.87494
262,281,11.87494
282,281,31.66651
292,281,71.24966
301,281,27.70820
307,281,11.87494
325,281,19.79157
344,281,23.74989
348,281,15.83326
350,281,134.58269
353,281,134.58269
381,281,7.91663
390,281,11.87494
453,281,11.87494
495,281,11.87494
496,281,11.87494
499,281,7.91663
526,281,19.79157
549,281,83.12460
565,281,31.66651
593,281,83.12460
594,281,15.83326
109,282,43.32705
395,282,16.24764
504,282,287.04169
558,282,16.24764
3,283,6.98280
4,283,6.98280
7,283,76.81078
9,283,6.98280
10,283,6.98280
11,283,23.27599
23,283,23.27599
31,283,13.96560
32,283,20.94839
34,283,4.65520
36,283,32.58639
53,283,62.84518
54,283,9.31040
56,283,20.94839
59,283,11.63800
64,283,4.65520
72,283,11.63800
79,283,23.27599
83,283,11.63800
96,283,2.32760
103,283,16.29320
104,283,4.65520
107,283,4.65520
112,283,6.98280
116,283,4.65520
119,283,9.31040
120,283,18.62080
127,283,9.31040
133,283,37.24159
137,283,6.98280
141,283,4.65520
158,283,6.98280
165,283,11.63800
167,283,25.60359
171,283,23.27599
183,283,9.31040
184,283,9.31040
189,283,39.56919
193,283,23.27599
199,283,4.65520
202,283,20.94839
207,283,48.87959
210,283,16.29320
223,283,23.27599
233,283,11.63800
242,283,18.62080
243,283,11.63800
250,283,4.65520
252,283,9.31040
272,283,34.91399
273,283,2.32760
274,283,62.84518
275,283,13.96560
297,283,55.86239
300,283,30.25879
304,283,9.31040
314,283,4.65520
322,283,18.62080
323,283,235.08754
329,283,39.56919
347,283,48.87959
359,283,13.96560
371,283,9.31040
372,283,11.63800
376,283,4.65520
377,283,11.63800
380,283,13.96560
382,283,4.65520
386,283,20.94839
391,283,18.62080
395,283,6.98280
398,283,16.29320
401,283,100.08677
408,283,11.63800
411,283,9.31040
415,283,4.65520
416,283,18.62080
418,283,6.98280
420,283,13.96560
429,283,44.22439
435,283,23.27599
436,283,167.58716
453,283,167.58716
455,283,11.63800
464,283,9.31040
465,283,6.98280
467,283,9.31040
468,283,18.62080
471,283,6.98280
483,283,6.98280
485,283,9.31040
487,283,20.94839
490,283,25.60359
506,283,4.65520
510,283,6.98280
513,283,48.87959
526,283,11.63800
536,283,65.17278
537,283,11.63800
540,283,107.06957
544,283,34.91399
550,283,9.31040
551,283,18.62080
558,283,25.60359
567,283,4.65520
572,283,4.65520
573,283,9.31040
580,283,46.55199
589,283,9.31040
592,283,2.32760
594,283,9.31040
191,284,10.87734
207,284,38.07068
300,284,70.70270
352,284,10.87734
553,284,92.45737
248,285,7.11501
13,287,41.17075
43,287,15.43903
492,287,25.73172
35,288,24.02786
64,288,18.02090
96,288,6.00697
107,288,30.03483
290,288,78.09056
422,288,132.15325
145,289,14.05219
281,289,42.15657
389,289,79.62907
405,289,473.09037
535,289,238.88721
566,289,37.47250
31,290,10.70095
97,290,21.40190
107,290,10.70095
279,290,32.10286
422,290,117.71048
83,291,22.76492
95,291,50.08282
103,291,18.21193
112,291,9.10597
200,291,22.76492
216,291,77.40072
289,291,59.18879
360,291,118.37757
406,291,27.31790
492,291,22.76492
495,291,27.31790
496,291,31.87089
326,292,153.73636
554,292,597.20663
3,293,12.61865
4,293,2.52373
6,293,20.18984
14,293,17.66611
15,293,5.04746
29,293,35.33221
36,293,12.61865
40,293,7.57119
42,293,7.57119
43,293,15.14238
44,293,7.57119
51,293,22.71356
52,293,5.04746
53,293,7.57119
54,293,10.09492
58,293,2.52373
62,293,7.57119
73,293,40.37967
74,293,15.14238
75,293,5.04746
77,293,5.04746
78,293,7.57119
79,293,7.57119
80,293,22.71356
92,293,15.14238
106,293,2.52373
110,293,10.09492
116,293,25.23729
117,293,5.04746
119,293,10.09492
127,293,7.57119
132,293,22.71356
136,293,15.14238
137,293,30.28475
139,293,5.04746
142,293,15.14238
158,293,25.23729
159,293,10.09492
172,293,17.66611
182,293,10.09492
183,293,17.66611
184,293,10.09492
196,293,15.14238
202,293,22.71356
204,293,15.14238
240,293,10.09492
241,293,7.57119
244,293,2.52373
247,293,35.33221
263,293,17.66611
267,293,85.80680
273,293,5.04746
275,293,5.04746
278,293,25.23729
292,293,30.28475
310,293,73.18815
322,293,7.57119
342,293,5.04746
344,293,15.14238
349,293,27.76102
359,293,17.66611
371,293,5.04746
376,293,2.52373
377,293,5.04746
381,293,15.14238
401,293,10.09492
409,293,40.37967
412,293,32.80848
418,293,7.57119
420,293,5.04746
423,293,17.66611
425,293,5.04746
429,293,32.80848
438,293,27.76102
440,293,65.61697
443,293,15.14238
447,293,15.14238
456,293,7.57119
462,293,10.09492
468,293,20.18984
482,293,27.76102
495,293,7.57119
506,293,5.04746
513,293,52.99832
521,293,10.09492
530,293,15.14238
536,293,98.42545
542,293,22.71356
550,293,5.04746
553,293,12.61865
585,293,12.61865
589,293,10.09492
595,293,7.57119
3,294,10.10146
4,294,2.52536
8,294,10.10146
10,294,15.15219
18,294,22.72828
20,294,17.67755
25,294,12.62682
27,294,42.93120
36,294,20.20292
40,294,5.05073
52,294,2.52536
74,294,7.57609
83,294,12.62682
85,294,12.62682
98,294,10.10146
100,294,17.67755
103,294,17.67755
106,294,17.67755
112,294,7.57609
119,294,10.10146
123,294,27.77901
138,294,7.57609
150,294,7.57609
151,294,7.57609
158,294,10.10146
160,294,10.10146
167,294,32.82974
180,294,7.57609
182,294,10.10146
183,294,25.25365
190,294,2.52536
193,294,17.67755
195,294,32.82974
207,294,17.67755
210,294,17.67755
216,294,128.79360
230,294,17.67755
234,294,10.10146
235,294,128.79360
236,294,20.20292
237,294,20.20292
250,294,5.05073
273,294,17.67755
274,294,12.62682
278,294,12.62682
280,294,20.20292
285,294,12.62682
291,294,169.19943
299,294,60.60875
300,294,32.82974
302,294,35.35511
311,294,255.06183
321,294,32.82974
346,294,128.79360
347,294,53.03266
348,294,10.10146
353,294,58.08339
355,294,20.20292
365,294,37.88047
371,294,55.55802
376,294,10.10146
377,294,255.06183
387,294,25.25365
401,294,47.98193
403,294,255.06183
404,294,255.06183
408,294,5.05073
409,294,15.15219
412,294,32.82974
413,294,12.62682
420,294,22.72828
429,294,191.92772
451,294,58.08339
465,294,7.57609
467,294,20.20292
476,294,17.67755
477,294,15.15219
480,294,17.67755
499,294,5.05073
502,294,15.15219
513,294,255.06183
536,294,15.15219
537,294,2.52536
544,294,255.06183
553,294,12.62682
554,294,255.06183
558,294,7.57609
562,294,15.15219
569,294,12.62682
580,294,5.05073
589,294,12.62682
143,295,32.15694
264,295,167.21611
513,295,135.05917
3,296,4.81293
14,296,12.03232
15,296,4.81293
17,296,12.03232
20,296,16.84525
33,296,62.56808
36,296,24.06464
40,296,16.84525
42,296,113.10383
43,296,173.26544
44,296,14.43879
51,296,36.09697
52,296,28.87757
53,296,7.21939
62,296,24.06464
68,296,16.84525
74,296,7.21939
77,296,4.81293
78,296,12.03232
79,296,7.21939
80,296,108.29090
82,296,7.21939
90,296,9.62586
92,296,81.81979
95,296,26.47111
100,296,7.21939
101,296,4.81293
102,296,40.90990
103,296,16.84525
104,296,28.87757
105,296,26.47111
109,296,19.25172
110,296,28.87757
112,296,9.62586
116,296,31.28404
123,296,31.28404
129,296,24.06464
136,296,28.87757
137,296,166.04605
138,296,7.21939
139,296,16.84525
148,296,4.81293
158,296,19.25172
160,296,16.84525
161,296,12.03232
172,296,9.62586
173,296,9.62586
174,296,9.62586
177,296,7.21939
181,296,14.43879
182,296,9.62586
183,296,9.62586
203,296,28.87757
210,296,7.21939
213,296,4.81293
216,296,40.90990
230,296,12.03232
231,296,14.43879
233,296,21.65818
235,296,243.05291
240,296,9.62586
241,296,16.84525
242,296,139.57494
243,296,16.84525
244,296,19.25172
247,296,33.69050
251,296,12.03232
254,296,14.43879
256,296,9.62586
258,296,24.06464
262,296,9.62586
263,296,16.84525
264,296,182.89130
278,296,12.03232
282,296,28.87757
292,296,127.54262
302,296,12.03232
310,296,69.78747
311,296,7.21939
315,296,129.94908
319,296,14.43879
324,296,14.43879
330,296,19.25172
353,296,55.34868
355,296,19.25172
357,296,19.25172
359,296,55.34868
364,296,9.62586
369,296,81.81979
376,296,2.40646
381,296,16.84525
390,296,12.03232
406,296,14.43879
408,296,7.21939
409,296,14.43879
420,296,7.21939
438,296,16.84525
445,296,12.03232
453,296,19.25172
462,296,9.62586
465,296,14.43879
472,296,4.81293
476,296,16.84525
482,296,199.73655
491,296,28.87757
492,296,36.09697
495,296,7.21939
496,296,91.44565
502,296,14.43879
506,296,9.62586
508,296,7.21939
514,296,9.62586
518,296,12.03232
546,296,9.62586
560,296,81.81979
578,296,12.03232
245,297,13.06925
1,298,11.37187
44,298,3.79062
78,298,11.37187
83,298,18.95312
98,298,15.16250
105,298,22.74375
116,298,15.16250
138,298,22.74375
173,298,15.16250
182,298,15.16250
222,298,11.37187
249,298,53.06874
256,298,15.16250
299,298,90.97498
308,298,79.60311
324,298,7.58125
335,298,49.27811
364,298,15.16250
387,298,37.90624
390,298,11.37187
423,298,26.53437
457,298,15.16250
468,298,30.32499
496,298,37.90624
499,298,7.58125
543,298,22.74375
569,298,18.95312
576,298,56.85936
585,298,11.37187
595,298,45.48749
59,299,28.57300
82,299,17.14380
85,299,22.85840
105,299,34.28760
159,299,22.85840
190,299,5.71460
214,299,68.57520
256,299,40.00220
259,299,74.28980
104,300,23.09419
392,300,28.86773
472,300,11.54709
515,300,11.54709
6,301,31.33768
20,301,11.75163
74,301,23.50326
77,301,3.91721
149,301,7.83442
177,301,3.91721
207,301,27.42047
291,301,262.45306
335,301,50.92373
420,301,7.83442
445,301,19.58605
477,301,43.08931
485,301,3.91721
550,301,11.75163
73,302,31.09641
143,302,25.91368
157,302,134.75112
183,302,20.73094
185,302,108.83745
250,302,5.18274
533,302,46.64462
542,302,10.36547
504,304,367.27509
74,306,92.05652
173,306,16.73755
206,306,62.76581
215,306,29.29071
218,306,62.76581
299,306,100.42530
348,306,16.73755
432,306,29.29071
445,306,20.92194
452,306,46.02826
504,306,255.24763
528,306,16.73755
567,306,8.36877
477,307,31.50096
567,307,10.50032
22,308,6.72708
13,310,19.67958
20,310,14.75969
61,310,24.59948
85,310,9.83979
100,310,14.75969
115,310,14.75969
151,310,14.75969
156,310,14.75969
186,310,24.59948
193,310,14.75969
243,310,14.75969
248,310,9.83979
307,310,14.75969
395,310,14.75969
431,310,54.11886
447,310,54.11886
465,310,14.75969
22,311,4.64322
59,311,23.21612
88,311,120.72383
127,311,13.92967
214,311,55.71869
246,311,27.85935
291,311,311.09603
432,311,32.50257
526,311,23.21612
535,311,78.93481
536,311,27.85935
553,311,23.21612
564,311,4.64322
6,312,42.39249
150,312,15.89718
289,312,68.88779
431,312,58.28967
432,312,37.09343
451,312,63.58873
552,312,10.59812
226,313,13.76675
353,313,82.60049
549,313,144.55085
9,314,14.89918
526,314,37.24795
18,315,30.46775
46,315,30.46775
54,315,48.74840
102,315,103.59036
105,315,36.56130
482,315,24.37420
537,315,12.18710
118,316,87.13157
284,316,15.37616
398,316,20.50155
13,318,82.91425
246,318,33.16570
406,318,33.16570
504,318,292.96367
572,318,11.05523
572,319,71.05825
6,320,20.55601
7,320,10.27801
9,320,5.13900
11,320,12.84751
20,320,12.84751
23,320,5.13900
40,320,5.13900
53,320,7.70850
54,320,10.27801
66,320,5.13900
73,320,15.41701
84,320,5.13900
90,320,10.27801
91,320,17.98651
94,320,2.56950
95,320,28.26452
112,320,7.70850
116,320,10.27801
123,320,20.55601
124,320,7.70850
127,320,7.70850
130,320,5.13900
151,320,7.70850
165,320,12.84751
167,320,10.27801
173,320,10.27801
177,320,2.56950
183,320,10.27801
193,320,12.84751
205,320,7.70850
219,320,5.13900
221,320,15.41701
226,320,5.13900
235,320,28.26452
241,320,17.98651
249,320,87.36305
250,320,2.56950
253,320,17.98651
257,320,15.41701
276,320,66.80704
278,320,12.84751
289,320,33.40352
291,320,172.15660
293,320,10.27801
297,320,61.66803
299,320,61.66803
300,320,33.40352
346,320,43.68152
359,320,2.56950
363,320,25.69501
376,320,2.56950
381,320,7.70850
398,320,10.27801
400,320,28.26452
408,320,10.27801
417,320,30.83402
422,320,38.54252
425,320,2.56950
428,320,12.84751
438,320,5.13900
443,320,15.41701
455,320,25.69501
468,320,20.55601
476,320,17.98651
477,320,15.41701
479,320,7.70850
481,320,41.11202
483,320,12.84751
487,320,23.12551
490,320,15.41701
492,320,12.84751
496,320,12.84751
498,320,131.04457
506,320,5.13900
508,320,7.70850
511,320,259.51964
522,320,20.55601
526,320,12.84751
536,320,59.09853
538,320,5.13900
542,320,7.70850
550,320,5.13900
553,320,12.84751
556,320,7.70850
581,320,20.55601
593,320,53.95953
595,320,7.70850
599,320,48.82053
36,321,17.35429
234,321,23.13905
290,321,40.49333
138,323,12.79810
330,323,8.53207
427,323,4.26603
479,323,29.86223
498,323,217.56769
505,323,268.76008
548,323,8.53207
566,323,34.12826
583,323,358.34678
588,323,38.39430
200,324,28.21248
291,324,378.04727
48,325,13.70748
56,325,61.68368
435,325,68.53742
331,326,146.03535
277,327,36.36985
388,327,309.14373
438,328,21.85522
539,328,16.39141
6,329,47.53473
263,329,41.59288
352,329,11.88368
563,329,23.76736
84,330,11.27415
90,330,22.54831
428,330,28.18538
481,330,22.54831
136,332,15.61273
357,332,46.83818
361,332,10.40848
456,332,31.22545
465,332,15.61273
551,332,41.63393
562,332,31.22545
573,332,26.02121
548,333,6.13359
205,334,18.55942
351,334,92.79712
533,335,107.41283
271,336,237.53187
4,337,3.87810
53,337,15.51240
67,337,3.87810
79,337,19.39050
128,337,46.53721
132,337,34.90291
143,337,19.39050
301,337,27.14671
370,337,100.83062
468,337,31.02481
471,337,15.51240
479,337,11.63430
558,337,11.63430
56,338,80.57106
498,338,316.08647
541,338,6.19777
543,338,37.18664
90,340,31.44680
7,342,11.80060
9,342,8.85045
23,342,5.90030
37,342,8.85045
38,342,2.95015
45,342,5.90030
47,342,41.30208
50,342,17.70089
68,342,20.65104
71,342,11.80060
72,342,8.85045
74,342,8.85045
86,342,59.00298
93,342,17.70089
96,342,2.95015
107,342,5.90030
109,342,23.60119
113,342,29.50149
129,342,11.80060
130,342,5.90030
145,342,20.65104
162,342,8.85045
164,342,8.85045
174,342,29.50149
180,342,8.85045
191,342,5.90030
194,342,297.96503
197,342,35.40179
230,342,14.75074
232,342,11.80060
236,342,47.20238
243,342,47.20238
256,342,20.65104
266,342,8.85045
268,342,17.70089
281,342,197.65997
301,342,41.30208
307,342,56.05283
314,342,8.85045
386,342,5.90030
389,342,50.15253
396,342,11.80060
397,342,20.65104
415,342,23.60119
418,342,5.90030
419,342,23.60119
434,342,11.80060
440,342,76.70387
441,342,14.75074
474,342,5.90030
483,342,5.90030
501,342,50.15253
512,342,5.90030
524,342,106.20536
527,342,8.85045
531,342,11.80060
540,342,8.85045
561,342,100.30506
563,342,23.60119
581,342,115.05580
140,343,29.88827
281,343,44.83241
44,344,6.90144
57,344,31.05649
71,344,62.11299
77,344,10.35216
116,344,6.90144
118,344,20.70433
129,344,13.80289
152,344,24.15505
162,344,17.25361
173,344,13.80289
174,344,34.50722
193,344,17.25361
215,344,24.15505
238,344,24.15505
244,344,3.45072
268,344,10.35216
291,344,231.19835
325,344,17.25361
327,344,24.15505
341,344,13.80289
417,344,41.40866
442,344,13.80289
465,344,10.35216
468,344,27.60577
507,344,37.95794
524,344,100.07093
533,344,31.05649
537,344,3.45072
558,344,20.70433
561,344,175.98680
563,344,272.60701
169,347,73.34555
554,349,747.83180
11,351,7.95821
84,351,7.95821
127,351,15.91642
158,351,11.93732
167,351,15.91642
182,351,15.91642
257,351,47.74927
272,351,59.68659
278,351,19.89553
299,351,95.49854
320,351,7.95821
374,351,11.93732
376,351,3.97911
409,351,23.87464
416,351,15.91642
442,351,15.91642
469,351,15.91642
471,351,7.95821
472,351,15.91642
533,351,67.64480
556,351,11.93732
570,351,7.95821
15,352,9.07405
37,352,27.22214
82,352,13.61107
104,352,13.61107
118,352,27.22214
181,352,27.22214
188,352,49.90726
204,352,54.44429
256,352,18.14810
267,352,154.25881
302,352,22.68512
366,352,18.14810
457,352,18.14810
482,352,18.14810
508,352,13.61107
535,352,40.83321
554,352,458.23941
556,352,13.61107
572,352,9.07405
45,353,4.92891
52,353,54.21798
86,353,34.50235
90,353,19.71563
93,353,9.85782
96,353,4.92891
105,353,29.57345
162,353,14.78672
181,353,9.85782
248,353,14.78672
453,353,118.29378
594,353,19.71563
6,354,59.49146
121,355,20.07696
104,356,17.08137
105,356,34.16274
161,356,28.46895
175,356,22.77516
188,356,62.63169
207,356,39.85653
238,356,22.77516
256,356,22.77516
349,356,62.63169
354,356,22.77516
416,356,22.77516
497,356,39.85653
549,356,119.56959
565,356,45.55032